BirdID,name,mean,lower,upper,Rhat,n.eff
2586_2022,cp_1,38.49643278,38.01821172,38.97995696,1.00007791,24772
2586_2022,int_1,0.215188791,-0.210896543,0.639754635,1.000013462,25704
2586_2022,int_2,1.319154688,1.252598959,1.38800141,1.000127739,28057
2586_2022,sigma_1,0.309895994,0.264114449,0.360330977,0.999983267,23052
4253_2022,cp_1,33.50028306,33.04169933,33.98952131,0.999988846,31372
4253_2022,int_1,0.100043625,0.056950274,0.142808224,1.000091991,27033
4253_2022,int_2,0.896848977,0.88551817,0.908389844,1.000062082,27070
4253_2022,sigma_1,0.030754296,0.023003069,0.039355213,1.000040115,20738
4254_2022,cp_1,32.49935143,32.01985633,32.96964317,1.000275186,31856
4254_2022,int_1,0.102396594,0.08984454,0.115091196,1.000091783,26649
4254_2022,int_2,0.424062758,0.421713633,0.426403471,1.000281674,27172
4254_2022,sigma_1,0.006411771,0.004848719,0.008192701,1.000192541,19738
4255_2022,cp_1,94.60953748,94.00000457,95.60540729,0.999998527,16949
4255_2022,int_1,1.024660593,0.903683803,1.141529663,1.000150901,27067
4255_2022,int_2,2.756411341,2.572830265,2.945760906,1.000033507,27337
4255_2022,sigma_1,0.477308479,0.407223274,0.550289801,1.000254991,24811
4256_2022,cp_1,85.48794574,85.02673379,85.98899651,1.000149601,21104
4256_2022,int_1,0.163217266,0.155740448,0.170714465,1.000134584,26662
4256_2022,int_2,0.440785044,0.408851391,0.473521132,1.000302433,20168
4256_2022,sigma_1,0.027284666,0.022238948,0.032784847,1.000195811,21673
4268_2022,cp_1,38.49975391,38.02376994,38.97403551,0.999986809,31898
4268_2022,int_1,0.400351097,0.302232012,0.498978514,1.000034096,27126
4268_2022,int_2,1.566609103,1.511687058,1.621269251,1.000246583,27261
4268_2022,sigma_1,0.131980595,0.098223334,0.169544223,1.000413064,18628
4269_2022,cp_1,33.49752356,33.03963227,33.9907026,1.000052452,26674
4269_2022,int_1,0.174416513,0.134509772,0.214611509,1.000222546,18006
4269_2022,int_2,0.511404472,0.502601365,0.520057622,1.00000632,27201
4269_2022,sigma_1,0.028428469,0.022499093,0.034836525,1.000611536,22369
4271_2022,cp_1,75.50115092,75.03333422,75.98196787,1.000007629,32000
4271_2022,int_1,0.016571734,0.014254946,0.018867938,1.000232746,27051
4271_2022,int_2,0.075760818,0.060399334,0.090942835,1.000077534,28049
4271_2022,sigma_1,0.007719742,0.006136894,0.009432166,1.000123561,21667
4419_2022,cp_1,82.54698657,82.00175995,82.99677367,1.000339763,18963
4419_2022,int_1,0.742367059,0.65217274,0.832639355,1.000201162,25684
4419_2022,int_2,4.309793964,4.198053611,4.422601873,1.000134101,25297
4419_2022,sigma_1,0.320225438,0.2718953,0.371954058,1.00002807,24211
4601_2022,cp_1,92.23037961,89.98313947,93.99924041,1.004497159,11847
4601_2022,int_1,0.243262317,-0.187264187,0.652070621,1.000088501,26952
4601_2022,int_2,2.782710882,2.135776574,3.418996932,1.000187962,23394
4601_2022,sigma_1,1.664702278,1.421730051,1.921615633,1.00020221,24087
4602_2022,cp_1,79.252407,77.10857636,80.9998894,1.001070023,9003
4602_2022,int_1,0.297541926,0.275762261,0.319301394,1.000086241,27566
4602_2022,int_2,0.488006991,0.428489141,0.546526046,1.000562363,14335
4602_2022,sigma_1,0.075493662,0.061450496,0.090791294,1.000131267,20830
4603_2022,cp_1,101.5001216,101.0111075,101.9610141,1.00004261,32153
4603_2022,int_1,0.295621455,0.224318318,0.36639161,1.000112752,27108
4603_2022,int_2,1.714719422,1.583222372,1.855194615,1.000034141,28100
4603_2022,sigma_1,0.301684878,0.25817202,0.348939836,1.000410863,24487
4603_2023,cp_1,102.4100838,101.5232874,102.9999796,1.00134779,9279
4603_2023,int_1,0.489945364,0.37469109,0.608659163,1.000150309,25931
4603_2023,int_2,1.707506177,1.479764388,1.940376883,1.00027119,24903
4603_2023,sigma_1,0.487715112,0.416792982,0.566204211,1.000266832,23141
4604_2022,cp_1,34.49963222,34.02364485,34.97311872,1.000468884,32689
4604_2022,int_1,0.018197292,0.012803027,0.023567662,1.000016484,27723
4604_2022,int_2,0.57334183,0.571744961,0.575047772,1.000210334,27447
4604_2022,sigma_1,0.004703806,0.003592143,0.005944231,1.000330326,20312
4605_2022,cp_1,93.33181248,92.08831292,93.99988664,1.000580247,14576
4605_2022,int_1,0.239028135,0.156240086,0.323569121,1.000128999,27252
4605_2022,int_2,1.11025155,0.980389282,1.233957244,1.000104508,26077
4605_2022,sigma_1,0.330598466,0.282425701,0.383025025,1.000086219,23105
4613_2022,cp_1,81.49770517,81.03028329,81.97921535,0.999971432,31791
4613_2022,int_1,1.510095237,1.383072102,1.638762997,0.999982202,30006
4613_2022,int_2,4.554628019,4.411486522,4.700925983,1.000104063,27568
4613_2022,sigma_1,0.457137752,0.391260784,0.528484509,1.000187105,24781
4613_2023,cp_1,47.90443243,32.01436458,78.51419013,1.077610908,243
4613_2023,int_1,0.160797341,0.03110158,0.331833147,1.009078668,1767
4613_2023,int_2,0.358490617,0.301561086,0.414097993,1.013892273,11884
4613_2023,sigma_1,0.212368476,0.180269888,0.246208583,1.000513514,13579
4621_2022,cp_1,69.98896937,67.87784362,71.9955404,1.000129509,17479
4621_2022,int_1,0.681626701,0.567954125,0.791121048,1.0000709,24117
4621_2022,int_2,0.250694004,0.135909955,0.365521423,1.000185017,25313
4621_2022,sigma_1,0.236381969,0.180403597,0.295593303,1.000091453,18224
4660_2022,cp_1,90.84070142,89.01172615,92.94130895,1.000134515,18957
4660_2022,int_1,1.599018838,1.428304286,1.768606703,1.000135351,25939
4660_2022,int_2,2.327711585,2.180984992,2.476882714,1.000326271,27161
4660_2022,sigma_1,0.403843356,0.325333029,0.486019274,1.000124698,21452
4660_2023,cp_1,101.6711747,98.54464914,105.4512994,1.001197788,11506
4660_2023,int_1,1.626026512,1.301094401,1.954370365,1.00012424,22939
4660_2023,int_2,0.364319728,-0.06241066,0.814345885,1.000242315,23855
4660_2023,sigma_1,0.928817794,0.755647506,1.118875804,1.000073392,20117
4662_2022,cp_1,91.63014604,90.63497118,92.99985035,1.00037341,17576
4662_2022,int_1,0.391295019,0.277314545,0.501497271,1.000102675,26263
4662_2022,int_2,1.173807064,1.072686127,1.275590485,1.000183298,27118
4662_2022,sigma_1,0.272105804,0.221109237,0.330726687,1.000347687,20443
4664_2022,cp_1,85.6832384,85.00003252,86.82583746,1.008790881,12715
4664_2022,int_1,0.463005714,0.312241143,0.610448933,1.000194255,19204
4664_2022,int_2,1.129432588,1.059034455,1.199801238,1.00003231,26024
4664_2022,sigma_1,0.207013949,0.163896575,0.255903265,1.000265671,18492
4699_2022,cp_1,47.50277142,47.02042442,47.97258964,1.000050504,29757
4699_2022,int_1,0.021713342,0.017128889,0.026289961,1.000355187,27170
4699_2022,int_2,0.057681144,0.055143528,0.060201475,1.000221741,26320
4699_2022,sigma_1,0.0060675,0.004532786,0.0078255,1.00010546,19542
8164_2022,cp_1,65.94199269,63.99596957,67.67583335,1.000041033,7275
8164_2022,int_1,0.930927,0.767879792,1.093123105,1.000546417,25939
8164_2022,int_2,1.946915526,1.816564513,2.077948696,1.000008098,23545
8164_2022,sigma_1,0.469753886,0.399706896,0.545154311,1.000068774,22844
8165_2022,cp_1,38.09239878,35.99966571,41.49987588,1.000005507,9563
8165_2022,int_1,0.169108917,-0.128348003,0.45408719,1.000230727,12180
8165_2022,int_2,0.728908555,0.660719132,0.797402116,1.000143841,25793
8165_2022,sigma_1,0.250799916,0.205414987,0.299279801,1.000031033,21671
8166_2022,cp_1,65.98263049,64.04079393,67.98931963,1.000202968,7727
8166_2022,int_1,0.481069582,0.28807067,0.673434037,1.000191193,26973
8166_2022,int_2,1.496492013,1.24320425,1.738308485,1.000168415,20694
8166_2022,sigma_1,0.546382078,0.43847607,0.656274718,1.000085717,19845
8168_2022,cp_1,66.1448533,64.27358466,66.9999293,1.00059957,7513
8168_2022,int_1,0.747607996,0.545316619,0.948957874,1.00008754,27510
8168_2022,int_2,2.207823777,2.048765444,2.362012878,1.00000515,23176
8168_2022,sigma_1,0.578727926,0.492613998,0.668643311,1.00011704,22375
8168_2023,cp_1,66.51398634,66.0117531,66.97484516,1.000183241,23859
8168_2023,int_1,0.508333352,0.354294642,0.659165516,1.000050436,27225
8168_2023,int_2,3.1148455,2.994486078,3.237218001,1.000377949,27434
8168_2023,sigma_1,0.452593926,0.386064428,0.522498736,1.000038568,23908
8169_2022,cp_1,66.6700877,66.00017735,67.98916266,1.000027941,17974
8169_2022,int_1,0.608667564,0.376171526,0.844802438,1.000047117,25987
8169_2022,int_2,2.667214761,2.484816116,2.849145522,1.000047769,27454
8169_2022,sigma_1,0.677139114,0.580254328,0.783739413,1.000121139,24363
8172_2022,cp_1,75.92525462,73.05051092,77.9997353,1.000132651,4681
8172_2022,int_1,0.266288623,0.060022205,0.467820546,1.00007785,9596
8172_2022,int_2,0.871269345,0.7932603,0.9515454,1.000045458,19740
8172_2022,sigma_1,0.25327,0.206251311,0.306861354,1.000068931,22318
8173_2022,cp_1,76.99238429,73.99988883,78.44502476,1.000103122,1373
8173_2022,int_1,0.611900146,0.423143594,0.796224619,1.000039616,4363
8173_2022,int_2,1.349498667,1.272481125,1.427077667,1.000126097,10628
8173_2022,sigma_1,0.245983039,0.197548318,0.296500232,1.000120704,16815
8174_2023,cp_1,101.5367941,101.0038119,101.9962787,1.000419018,18730
8174_2023,int_1,0.381720309,0.196029909,0.558603589,1.000079123,27155
8174_2023,int_2,2.159710761,1.912263131,2.40567842,1.000380644,27056
8174_2023,sigma_1,0.542292439,0.440814491,0.653785391,1.0001825,22241
8175_2022,cp_1,74.38906594,71.0497322,79.35604405,1.047142986,360
8175_2022,int_1,0.782187075,0.541407637,1.053665592,1.007500552,1720
8175_2022,int_2,1.37429069,1.296946348,1.452579578,1.001046123,5246
8175_2022,sigma_1,0.252839292,0.204055355,0.304705148,1.000501262,16147
8175_2023,cp_1,81.84119496,67.00557874,107.941148,1.002492084,730
8175_2023,int_1,0.233219591,0.120041339,0.357076792,1.000576135,2457
8175_2023,int_2,0.380389285,0.311992897,0.44033949,1.00548876,2335
8175_2023,sigma_1,0.15486886,0.125165543,0.186135125,1.000031422,16407
8176_2023,cp_1,89.77138053,78.04234535,110.7038634,1.003825261,1089
8176_2023,int_1,0.29734769,0.154609609,0.436046844,1.001376622,3713
8176_2023,int_2,0.577411656,0.435940763,0.716934746,1.001516125,2226
8176_2023,sigma_1,0.259549624,0.207397049,0.316823795,1.00021243,14586
8177_2022,cp_1,70.11304656,67.7552119,73.9562114,1.077932764,340
8177_2022,int_1,0.429585847,0.20296951,0.67061756,1.013935139,2436
8177_2022,int_2,1.357240875,1.24891334,1.464566637,1.006863476,4961
8177_2022,sigma_1,0.348147103,0.287724647,0.412120255,1.000612499,17768
8178_2022,cp_1,57.57380372,57.00001764,58.43148279,1.000838322,17044
8178_2022,int_1,0.150023214,-0.082635364,0.380299514,1.00041016,19060
8178_2022,int_2,0.788234462,0.749333039,0.827761143,1.000142304,27517
8178_2022,sigma_1,0.157957272,0.131257336,0.186748244,1.000383008,22356
8179_2022,cp_1,64.76261531,64.00018889,65.82414131,1.055320567,11969
8179_2022,int_1,0.978280825,0.856560419,1.096685283,1.004168595,15219
8179_2022,int_2,1.78122174,1.734265536,1.824970946,1.000305793,22424
8179_2022,sigma_1,0.171031512,0.142099713,0.202757231,1.000647757,21019
8180_2022,cp_1,109.8268434,102.8114245,112.0046077,1.000294974,1301
8180_2022,int_1,0.966905373,0.910352243,1.02108991,1.000016268,7833
8180_2022,int_2,1.522174212,1.357608555,1.66481243,1.000115862,2998
8180_2022,sigma_1,0.191711801,0.158455357,0.226987648,1.000092598,17449
8180_2023,cp_1,68.44930717,61.01493103,70.99988205,1.024790742,97
8180_2023,int_1,0.664585554,0.410776484,0.900157866,1.00705249,578
8180_2023,int_2,1.329667588,1.206276341,1.447931774,1.002882605,1724
8180_2023,sigma_1,0.36527421,0.29729007,0.439624761,1.000864984,12994
8181_2022,cp_1,80.00314319,56.00111672,113.4764202,1.002109571,687
8181_2022,int_1,0.679790303,0.437832453,0.909317154,1.001509526,1163
8181_2022,int_2,0.765496978,0.570639454,0.894008903,1.001264396,1769
8181_2022,sigma_1,0.285657561,0.237416514,0.337128643,1.000013448,22844
8181_2023,cp_1,95.47188718,90.00030703,97.34689415,1.005962598,720
8181_2023,int_1,0.476523627,0.366794156,0.583561584,1.000399092,7308
8181_2023,int_2,1.410012688,1.259318227,1.548976644,1.000694896,3854
8181_2023,sigma_1,0.328367016,0.273143145,0.388857865,1.000075557,21856
8183_2022,cp_1,90.50045748,90.04590385,90.9950769,0.999979224,31576
8183_2022,int_1,1.337038966,1.12843887,1.544689072,1.000001024,27655
8183_2022,int_2,9.247306955,9.023601511,9.474329626,1.00010434,28249
8183_2022,sigma_1,0.629576053,0.524994415,0.746337171,1.000093793,24728
8183_2023,cp_1,111.0774563,109.1599988,112.0000637,1.000289275,8299
8183_2023,int_1,0.686043475,0.607383385,0.766586193,1.000024896,26865
8183_2023,int_2,1.488843518,1.28120879,1.695046312,1.000097212,16831
8183_2023,sigma_1,0.300500385,0.250652766,0.357096426,1.000348978,21006
8184_2022,cp_1,90.50044146,90.02519894,90.97446362,1.000341114,31948
8184_2022,int_1,0.971262027,0.749796595,1.195352454,1.000090227,27460
8184_2022,int_2,9.390105442,9.150322713,9.633091675,1.000123651,27909
8184_2022,sigma_1,0.669045924,0.553909092,0.790617176,1.000127746,23830
8184_2023,cp_1,58.50001341,58.05102257,58.99773457,1.000140437,32758
8184_2023,int_1,0.633719809,0.22442372,1.038813309,1.000132386,28425
8184_2023,int_2,3.239515569,3.132323836,3.344444471,1.000192705,27681
8184_2023,sigma_1,0.42128609,0.348885446,0.497631313,1.000112643,23690
8185_2022,cp_1,64.67480949,63.19374343,67.1818257,1.001009271,2718
8185_2022,int_1,0.56807282,0.393798247,0.754110139,1.000449478,8186
8185_2022,int_2,1.347302449,1.281251527,1.414403927,1.000144015,21160
8185_2022,sigma_1,0.249838802,0.206957823,0.296141961,1.000261167,19140
8187_2022,cp_1,64.26668041,61.48610955,69.05449339,1.000629238,2261
8187_2022,int_1,0.29833277,0.138408734,0.455682629,1.000324296,5700
8187_2022,int_2,0.688459997,0.633843537,0.742910032,1.000294478,17887
8187_2022,sigma_1,0.201806542,0.167703198,0.238983106,1.000036021,21631
8187_2023,cp_1,98.93260265,91.90354695,101.9964864,1.049310836,310
8187_2023,int_1,0.813298236,0.755592323,0.869044869,1.001257506,12411
8187_2023,int_2,1.079276607,0.990268297,1.165957552,1.004706713,2947
8187_2023,sigma_1,0.18488162,0.152795995,0.217369941,1.00068793,15966
8188_2022,cp_1,95.43881908,94.74982127,95.99998704,1.001657583,7960
8188_2022,int_1,0.766908852,0.621540213,0.915487101,1.000007755,27853
8188_2022,int_2,1.908646009,1.754801041,2.06869466,1.000254244,24793
8188_2022,sigma_1,0.392300697,0.316477535,0.473248005,1.000349994,21203
8188_2023,cp_1,82.50079727,82.0295893,82.97880622,1.000127908,31985
8188_2023,int_1,0.832178131,0.725826432,0.937234444,1.00002671,27126
8188_2023,int_2,3.577198818,3.455151921,3.702477546,1.000011558,27942
8188_2023,sigma_1,0.38472692,0.329519388,0.443348742,1.000046004,25031
8189_2022,cp_1,110.4993025,110.0206612,110.969527,0.99998676,32459
8189_2022,int_1,0.862014043,0.798144187,0.924072154,1.000143502,26997
8189_2022,int_2,2.334277377,2.201930149,2.466238332,1.000016513,28273
8189_2022,sigma_1,0.209885562,0.169857145,0.252301075,1.000726892,22979
8190_2022,cp_1,77.59943839,77.00007754,78.7291699,1.001079517,15196
8190_2022,int_1,0.758621003,0.645702079,0.869994438,0.999982479,24611
8190_2022,int_2,1.262757338,1.203357298,1.318441562,1.000285123,26212
8190_2022,sigma_1,0.178870612,0.141949862,0.216949388,0.999985241,20104
8191_2022,cp_1,77.12374452,70.0005993,79.15882079,1.011753177,817
8191_2022,int_1,0.7274993,0.565491693,0.895538164,1.010945869,1765
8191_2022,int_2,1.021472402,0.960136253,1.081520009,1.001095294,8244
8191_2022,sigma_1,0.189592175,0.152461982,0.22985323,1.000127253,8928
8191_2023,cp_1,103.9439093,103.000261,104.9424845,1.019164923,7693
8191_2023,int_1,0.330223059,0.269701,0.390971079,1.000135799,18554
8191_2023,int_2,0.843424866,0.747194553,0.935641714,1.000203186,19622
8191_2023,sigma_1,0.186599006,0.151939408,0.225144883,1.000229016,21262
8201_2022,cp_1,34.53179722,34.00696864,34.98870477,1.000114666,16938
8201_2022,int_1,0.160235732,0.139855118,0.179936552,1.000252404,17576
8201_2022,int_2,0.047598181,0.041258216,0.053934933,1.000135282,27058
8201_2022,sigma_1,0.016495681,0.01222893,0.021227257,1.000292604,17903
8202_2022,cp_1,85.50147662,85.02282205,85.97552558,1.000199172,32024
8202_2022,int_1,0.669716973,0.582291305,0.756949043,1.000026673,27840
8202_2022,int_2,3.229493832,3.112817349,3.347317363,0.999988792,28007
8202_2022,sigma_1,0.32597955,0.277122954,0.377050103,1.000335019,25633
8203_2022,cp_1,81.9902054,79.5482595,84.99804456,1.029354327,1199
8203_2022,int_1,0.663711394,0.582219803,0.744902637,1.000256965,17941
8203_2022,int_2,1.257143636,1.148795702,1.362122102,1.000900247,9808
8203_2022,sigma_1,0.286084033,0.24208758,0.332590833,1.000082157,21828
8203_2023,cp_1,94.49709254,94.01078903,94.96406622,1.000021462,29546
8203_2023,int_1,0.387806616,0.320553324,0.455376422,1.000017763,28131
8203_2023,int_2,1.836791238,1.732500076,1.941836416,1.000389972,29558
8203_2023,sigma_1,0.271877767,0.233241586,0.312820418,1.000189729,25709
8204_2022,cp_1,102.4852387,101.033758,103.8719458,1.000018385,31317
8204_2022,int_1,0.691072539,0.627273566,0.755350157,1.000090304,27073
8204_2022,int_2,9.692854751,9.56173053,9.823850805,1.000170964,27490
8204_2022,sigma_1,0.268445629,0.229266532,0.31014693,1.000071213,25519
8204_2023,cp_1,90.6687535,90.0000284,91.70140788,1.000376654,16386
8204_2023,int_1,0.521460207,0.444059389,0.601725224,1.000107597,24124
8204_2023,int_2,2.883776628,2.773247275,2.997806531,1.000165897,23380
8204_2023,sigma_1,0.300260097,0.256266755,0.347389285,1.000188982,23554
8206_2022,cp_1,88.5074894,88.02934136,88.98505227,1.000079136,27103
8206_2022,int_1,0.806759416,0.498628376,1.112020634,1.000241106,26223
8206_2022,int_2,13.49274048,13.05313102,13.92503055,1.000036303,27531
8206_2022,sigma_1,1.17701968,1.001444689,1.365482735,1.000151377,24103
8207_2022,cp_1,102.5000839,101.0576061,103.9064637,1.000081764,31591
8207_2022,int_1,0.668512638,0.544339014,0.794260492,1.000115168,28391
8207_2022,int_2,5.234751595,4.950780139,5.502130736,1.000567057,27520
8207_2022,sigma_1,0.522948578,0.444598625,0.608857838,1.000122624,25205
8208_2022,cp_1,79.50035748,79.02858792,79.97724597,1.000015697,32311
8208_2022,int_1,1.069144856,0.678748291,1.460901422,0.999990592,27868
8208_2022,int_2,19.23400916,18.84346175,19.62310743,0.999995856,27928
8208_2022,sigma_1,1.264100576,1.073208384,1.470059565,1.000474471,25024
8208_2023,cp_1,56.92007509,44.53389255,74.9763049,1.004721697,1096
8208_2023,int_1,0.241623495,0.15135523,0.327199634,1.001919108,2941
8208_2023,int_2,0.426758201,0.3788067,0.472581606,1.00117644,6337
8208_2023,sigma_1,0.167636191,0.142759532,0.193413292,1.000075237,19399
8209_2023,cp_1,79.61832432,79.00003431,80.58624259,1.000060422,16764
8209_2023,int_1,0.376066178,0.296524212,0.455915508,1.000043932,27531
8209_2023,int_2,1.251075369,1.164460933,1.337527051,1.000120708,29429
8209_2023,sigma_1,0.281405242,0.240407123,0.325662341,1.000077812,25008
8210_2022,cp_1,110.1718456,108.0050048,113.189917,1.000884718,3981
8210_2022,int_1,1.342150262,1.263857816,1.417610427,1.0000604,25221
8210_2022,int_2,2.000357096,1.781460205,2.220189472,1.000023493,13893
8210_2022,sigma_1,0.325809944,0.276913702,0.378551729,1.000245402,23073
8210_2023,cp_1,52.48172069,45.22641007,55.99949682,1.045603231,5366
8210_2023,int_1,0.263260506,0.157416632,0.370012291,1.001008145,17946
8210_2023,int_2,0.52083284,0.462160556,0.579115192,1.000063241,19141
8210_2023,sigma_1,0.231870959,0.198098399,0.267366298,0.999978772,21246
8211_2023,cp_1,79.65954572,79.00013021,80.68969045,1.000244166,16658
8211_2023,int_1,0.395353031,0.314259076,0.478797844,1.000106198,27681
8211_2023,int_2,1.257221079,1.171479261,1.34226334,1.000152572,27835
8211_2023,sigma_1,0.27842083,0.237034275,0.323410315,1.000051757,24615
8212_2022,cp_1,38.58585721,38.00000005,39.73782614,1.000162552,17268
8212_2022,int_1,0.190673128,-0.437145851,0.855547289,1.000058605,15992
8212_2022,int_2,1.648541511,1.551581306,1.750790864,1.000145837,28805
8212_2022,sigma_1,0.449199243,0.381929257,0.522337131,1.000328999,23890
8217_2022,cp_1,55.03063526,53.9963237,58.49075428,1.006337644,1270
8217_2022,int_1,0.778458105,0.528478768,1.055224588,1.000717314,3164
8217_2022,int_2,2.006564684,1.921295384,2.092643051,1.000136099,12732
8217_2022,sigma_1,0.332488407,0.278830045,0.38924274,0.999997704,18056
8220_2023,cp_1,75.49932716,75.01206354,75.96131505,1.000003032,32070
8220_2023,int_1,1.308474922,0.850219906,1.736817805,1.000079638,28029
8220_2023,int_2,14.75489841,14.39264314,15.13611908,1.00002846,27523
8220_2023,sigma_1,1.25905733,1.057448988,1.472984989,1.000048608,24808
8223_2022,cp_1,93.38447988,79.55968569,98.9989033,1.006521351,724
8223_2022,int_1,0.777592714,0.515436694,1.01383025,1.002668836,1357
8223_2022,int_2,2.405669238,1.929329674,2.744563692,1.003689757,1264
8223_2022,sigma_1,0.504416712,0.41172734,0.604760782,1.000851373,12940
8223_2023,cp_1,113.4830699,113.0212199,113.9880275,1.000041068,21610
8223_2023,int_1,0.885665173,0.741841524,1.029603519,1.000010057,27342
8223_2023,int_2,7.538458456,7.064981315,7.999967062,1.000191131,23499
8223_2023,sigma_1,0.60720653,0.509345967,0.708668018,1.000126014,23331
8224_2022,cp_1,54.49743265,54.00011917,54.95783111,1.000572256,25558
8224_2022,int_1,0.707269299,0.531266078,0.88536133,1.000103901,26981
8224_2022,int_2,1.96275408,1.894439479,2.029904115,1.000122494,26742
8224_2022,sigma_1,0.268596041,0.224294791,0.315762118,0.999986783,24479
8225_2022,cp_1,78.50429749,78.01420577,78.99393925,1.000089974,21038
8225_2022,int_1,0.646688032,0.548994321,0.746723534,1.000052734,27234
8225_2022,int_2,1.4668228,1.380289378,1.55357418,0.99999242,27970
8225_2022,sigma_1,0.249012809,0.20404964,0.298270617,1.000085089,21802
8225_2023,cp_1,73.24796043,70.96657553,76.90474381,1.000090051,16754
8225_2023,int_1,0.42252272,0.292647036,0.552507054,1.000200011,24316
8225_2023,int_2,0.974681983,0.874917284,1.075978799,0.999999723,25243
8225_2023,sigma_1,0.343140099,0.289141839,0.400336927,1.000107826,23401
8226_2022,cp_1,78.50659686,78.03019431,78.98586604,1.000084283,28897
8226_2022,int_1,0.424979557,0.340815461,0.507811299,1.000020578,27369
8226_2022,int_2,1.27373042,1.205138874,1.342036335,1.00007764,28476
8226_2022,sigma_1,0.212260043,0.175976108,0.251192972,0.999982672,24501
8260_2022,cp_1,113.4757671,112.0010488,114.5432611,1.000256113,18552
8260_2022,int_1,0.588274782,0.448931936,0.727560827,1.000263071,27253
8260_2022,int_2,2.101132679,1.71539274,2.486293453,1.000253265,23257
8260_2022,sigma_1,0.498450861,0.407593067,0.596139014,1.000160108,21065
8260_2023,cp_1,83.49813003,83.01754116,83.96522965,1.000083209,30820
8260_2023,int_1,0.514158517,0.400431774,0.632837769,1.000033713,29018
8260_2023,int_2,3.721739911,3.62882195,3.811157035,1.000392158,28520
8260_2023,sigma_1,0.280822494,0.230478913,0.334148763,1.000073268,25001
8261_2022,cp_1,89.90124305,89.00271875,90.87568563,1.000060885,19932
8261_2022,int_1,0.582728069,0.454036426,0.718359823,1.000165438,23904
8261_2022,int_2,2.515846723,2.387718594,2.644348243,1.000009417,26036
8261_2022,sigma_1,0.350115612,0.287782779,0.416809025,1.000011865,24435
8262_2022,cp_1,66.48505749,66.00222766,66.96385486,1.000174508,24155
8262_2022,int_1,1.11047697,0.915318128,1.306432305,1.000093747,27629
8262_2022,int_2,0.368791491,0.307032811,0.429246368,1.000198553,26595
8262_2022,sigma_1,0.220953506,0.179970553,0.264318665,1.000065736,22623
8263_2022,cp_1,108.2759591,106.8721412,110.9922219,1.000285017,4905
8263_2022,int_1,0.387710344,0.332885581,0.441785908,1.000091019,25751
8263_2022,int_2,0.784125219,0.678388908,0.890518054,1.000202255,20568
8263_2022,sigma_1,0.181736282,0.149941319,0.219157714,1.000111315,20920
8264_2022,cp_1,100.2749862,62.70268386,119.8668588,1.000161927,358
8264_2022,int_1,0.845124359,0.443998977,1.020494621,1.000409729,753
8264_2022,int_2,0.748055073,0.362176087,1.049215533,1.00109726,978
8264_2022,sigma_1,0.265831844,0.217769101,0.318206577,1.000023854,20790
8265_2022,cp_1,99.91375125,99.00019623,100.9184353,1.000049177,19953
8265_2022,int_1,0.666057634,0.547959302,0.785040927,0.999992794,25182
8265_2022,int_2,2.268586438,2.1020611,2.433818968,1.000072275,24535
8265_2022,sigma_1,0.361142825,0.293915057,0.433518849,1.000111187,22183
8403_2022,cp_1,33.49835449,33.0183626,33.9682351,1.000177809,32151
8403_2022,int_1,0.315325922,0.197964207,0.427317467,1.000221517,27222
8403_2022,int_2,1.250784563,1.220260674,1.279634926,1.000034765,27814
8403_2022,sigma_1,0.081501284,0.061324411,0.103573033,1.000097557,20543
8405_2022,cp_1,112.2838214,111.0000087,113.8433136,1.000180718,14468
8405_2022,int_1,1.535525481,1.425125722,1.640018355,1.000107654,26158
8405_2022,int_2,3.544803527,3.172253893,3.926145511,1.000109673,15740
8405_2022,sigma_1,0.481071037,0.412744664,0.555293719,1.000761742,25057
8406_2022,cp_1,32.50381877,32.0411737,32.98855668,1.000018786,32310
8406_2022,int_1,0.009532575,-0.005747769,0.024889048,1.000249042,27854
8406_2022,int_2,0.127482208,0.125461668,0.129401421,1.000255022,26752
8406_2022,sigma_1,0.007883375,0.006520069,0.009354772,1.000085561,25363
8407_2022,cp_1,42.81935838,42.00002114,43.93450587,1.001339329,14996
8407_2022,int_1,0.370787836,0.140782187,0.604104649,0.999989355,24408
8407_2022,int_2,1.376822644,1.276484728,1.47376319,1.000105248,27771
8407_2022,sigma_1,0.390552698,0.328033448,0.458001207,1.000147336,23746
8408_2022,cp_1,44.43890848,43.00304545,45.92498516,1.000492717,9301
8408_2022,int_1,0.389596108,0.133673422,0.642188792,1.000395673,14473
8408_2022,int_2,2.038956267,1.943311032,2.133004941,1.000002111,26007
8408_2022,sigma_1,0.411804382,0.352262612,0.476194351,1.000065378,23874
8451_2022,cp_1,94.50809431,94.04571452,94.99974306,1.000030189,28306
8451_2022,int_1,0.516734748,0.431048569,0.60074503,0.999995374,27661
8451_2022,int_2,2.660020901,2.528342112,2.79011054,1.000018348,27716
8451_2022,sigma_1,0.340324562,0.291980322,0.393803109,1.000638939,23957
8453_2022,cp_1,96.5004111,96.03645939,96.98724149,1.000131353,31177
8453_2022,int_1,0.545899476,0.436213473,0.653809335,1.000220173,27256
8453_2022,int_2,3.522080324,3.344047929,3.69818284,1.00009305,27428
8453_2022,sigma_1,0.442302009,0.378833255,0.509713054,1.00009624,24489
8455_2022,cp_1,106.450963,106.0032659,106.9994824,1.000012154,18118
8455_2022,int_1,0.870577374,0.750835561,0.992372094,1.000068737,27115
8455_2022,int_2,4.112935172,3.824430152,4.397174737,1.00001,24690
8455_2022,sigma_1,0.52898518,0.453190699,0.611615881,1.000128998,25362
8456_2022,cp_1,90.71422239,89.97040073,91.99992642,1.000326475,17959
8456_2022,int_1,0.855601802,0.577504185,1.141420326,1.000187307,26760
8456_2022,int_2,3.319249902,2.919926568,3.726818505,1.000092246,27838
8456_2022,sigma_1,1.105490125,0.945533654,1.276358861,1.000107594,23400
8460_2022,cp_1,89.94595627,88.05147371,90.99999106,1.002065624,1277
8460_2022,int_1,0.405526661,0.346597492,0.463024287,1.000136202,27377
8460_2022,int_2,0.929597869,0.850624319,1.011619682,1.000207791,12109
8460_2022,sigma_1,0.21888792,0.185921714,0.252988005,1.000109483,22551
8461_2022,cp_1,91.01424748,90.00003944,93.60117891,1.056074857,5874
8461_2022,int_1,0.834513196,0.671941746,0.994865859,1.000436269,19858
8461_2022,int_2,2.187587787,1.95695703,2.418106184,1.001875338,10534
8461_2022,sigma_1,0.606383536,0.515816718,0.702688657,1.00052001,17069
8462_2022,cp_1,88.41887132,86.62573726,90.9997559,1.001617993,1544
8462_2022,int_1,0.563740725,0.511195681,0.616217214,1.000035121,22021
8462_2022,int_2,0.906276108,0.837418727,0.97565328,1.000418624,21958
8462_2022,sigma_1,0.195783287,0.166579995,0.225902505,1.000062657,24243
8462_2023,cp_1,41.30034114,40.23697989,41.99999583,1.000083265,16584
8462_2023,int_1,0.258547882,0.024199678,0.490242055,1.000427385,26479
8462_2023,int_2,1.338247651,1.258032891,1.419364101,1.000110463,27335
8462_2023,sigma_1,0.364690166,0.311989768,0.421055613,1.000071649,25320
8463_2022,cp_1,99.50281124,99.04712948,99.99688993,1.000039596,31111
8463_2022,int_1,1.120397932,0.869761661,1.378486634,1.000055513,28022
8463_2022,int_2,11.23326018,10.75933927,11.70767362,1.000006584,27387
8463_2022,sigma_1,1.04786239,0.89295684,1.212341099,1.000269676,25726
8464_2022,cp_1,86.85576336,35.09622101,112.6408218,1.047815459,467
8464_2022,int_1,0.63858135,0.484692898,0.829212089,1.084896568,1323
8464_2022,int_2,0.95683621,0.736568674,1.16561204,1.003118933,1809
8464_2022,sigma_1,0.386218342,0.326252397,0.44990236,1.001265108,12420
8464_2023,cp_1,90.91543249,70.86172469,98.99999001,1.010064516,692
8464_2023,int_1,1.179724698,1.037240476,1.31894696,1.002056442,3492
8464_2023,int_2,0.603218414,0.387291292,0.827809948,1.001927938,1799
8464_2023,sigma_1,0.474180427,0.405353487,0.548067051,1.000034795,22839
8467_2022,cp_1,81.11947385,75.11410105,83.98673731,1.007126846,760
8467_2022,int_1,0.130892538,0.038219517,0.224481147,1.000343904,5440
8467_2022,int_2,0.603953606,0.531155093,0.676041872,1.000465742,6135
8467_2022,sigma_1,0.214804424,0.177610377,0.254507701,1.00008777,22056
8468_2022,cp_1,96.99840148,96.04715408,97.9507242,0.999987999,29563
8468_2022,int_1,1.328592933,0.790015129,1.888346727,1.000114579,27412
8468_2022,int_2,13.14277684,12.41682582,13.88276676,1.000038173,27177
8468_2022,sigma_1,1.273654187,0.965384406,1.606448758,1.000298822,20479
8469_2022,cp_1,68.45224745,67.93236519,68.99999024,1.000162311,18285
8469_2022,int_1,0.918713302,0.752965219,1.088272874,1.000054565,27764
8469_2022,int_2,2.271368054,2.189215841,2.354282666,1.000243248,26921
8469_2022,sigma_1,0.300427221,0.249409782,0.35550929,1.000118962,22719
8471_2022,cp_1,98.61188745,96.01262271,100.9862891,1.000019448,13626
8471_2022,int_1,2.079513819,1.924400225,2.2371701,1.000060301,26015
8471_2022,int_2,3.365084896,3.136093583,3.600658747,1.000141473,20508
8471_2022,sigma_1,0.516534979,0.426425335,0.610251933,1.000065619,22325
8472_2022,cp_1,119.4975694,119.0207331,119.9685563,0.999975672,31606
8472_2022,int_1,0.383069655,0.333256754,0.431833279,1.000464707,27959
8472_2022,int_2,2.286021763,1.882314043,2.681460816,1.000159881,26210
8472_2022,sigma_1,0.200648224,0.16596514,0.236534245,0.99999267,23768
8473_2023,cp_1,96.69845454,96.0001096,97.75329793,1.000649501,17758
8473_2023,int_1,0.248635091,0.203787824,0.294727398,1.000103244,25820
8473_2023,int_2,0.75299987,0.687687768,0.818853434,1.000488667,27191
8473_2023,sigma_1,0.148748687,0.122979546,0.176599058,1.000723848,21623
8474_2022,cp_1,97.08927954,95.2325914,98.0002033,1.000240756,17364
8474_2022,int_1,0.617633608,0.50407998,0.729882859,1.000003606,27620
8474_2022,int_2,1.418908155,1.261027467,1.565177627,1.000023896,24667
8474_2022,sigma_1,0.370121054,0.306281558,0.438605897,1.000001751,22315
8478_2022,cp_1,94.60030008,94.00002871,95.81587365,0.999987939,14767
8478_2022,int_1,0.375529552,0.046705472,0.709504893,1.000091829,23888
8478_2022,int_2,6.866056902,6.483420023,7.260720138,1.000080539,23000
8478_2022,sigma_1,0.970988312,0.796861838,1.159786056,1.000037957,21507
8479_2022,cp_1,93.5007308,93.02680603,93.9755269,1.000026772,32131
8479_2022,int_1,0.290171032,0.133239344,0.446583163,0.999969018,27754
8479_2022,int_2,3.951768679,3.778542511,4.128337203,1.000070281,26461
8479_2022,sigma_1,0.455397136,0.373483742,0.542681111,1.000226627,21947
8479_2023,cp_1,94.1534999,92.0770159,94.99999812,1.000681351,6723
8479_2023,int_1,0.403282403,0.345120196,0.462551353,1.000049625,27595
8479_2023,int_2,0.89187821,0.797342693,0.984756357,1.000043926,19910
8479_2023,sigma_1,0.235354624,0.200023606,0.271108003,1.000139253,22550
8482_2022,cp_1,99.86482335,99.00004018,101.8159578,1.001037401,2881
8482_2022,int_1,0.255864831,0.224456747,0.287501835,1.000444239,13865
8482_2022,int_2,0.693505526,0.596279204,0.807120877,1.000555742,5250
8482_2022,sigma_1,0.095794761,0.075839068,0.117546194,1.000183662,18493
8483_2022,cp_1,112.1103627,109.0269335,113.9998837,1.001654731,4206
8483_2022,int_1,0.991744862,0.911972484,1.069214416,1.00015809,23246
8483_2022,int_2,1.621332793,1.389782693,1.843114925,1.000466979,10495
8483_2022,sigma_1,0.281196444,0.228422588,0.334077804,1.000062034,19869
8501_2022,cp_1,102.6115411,102.0000105,103.8143285,1.000100121,17051
8501_2022,int_1,0.717843682,0.624859262,0.806436426,1.000308045,26221
8501_2022,int_2,2.133927449,1.972300888,2.295179935,1.000102771,25029
8501_2022,sigma_1,0.340517801,0.285892886,0.399168812,0.999976673,22205
8501_2023,cp_1,81.48548014,81.01230332,81.97771261,1.000119214,23707
8501_2023,int_1,0.209396019,-0.068763091,0.482880197,1.000012529,27701
8501_2023,int_2,4.082801218,3.765983223,4.386609798,1.000072262,28216
8501_2023,sigma_1,0.989760775,0.848415225,1.144716922,1.000440557,25331
8502_2022,cp_1,101.1031974,97.35696707,102.9993331,1.003944032,2507
8502_2022,int_1,1.398146867,1.210933115,1.581563536,1.000218336,11027
8502_2022,int_2,4.058117041,3.580865383,4.508061797,1.000800999,5257
8502_2022,sigma_1,0.641195742,0.52838275,0.755036334,1.000618767,22991
8503_2022,cp_1,102.6995958,102.0000323,103.7439907,1.000075697,15259
8503_2022,int_1,0.874487518,0.805743346,0.943280438,1.00017679,25375
8503_2022,int_2,2.784578,2.659720861,2.911566509,1.000150612,20440
8503_2022,sigma_1,0.254152682,0.214075913,0.298263063,1.000052341,24309
8504_2022,cp_1,99.5220609,99.00482668,99.97653124,1.000054827,21293
8504_2022,int_1,0.476065171,0.406524707,0.553615546,1.000076441,27267
8504_2022,int_2,1.779952087,1.665593609,1.896351482,1.000159379,26446
8504_2022,sigma_1,0.268065588,0.224297306,0.312756894,1.000029811,24222
8505_2022,cp_1,95.50221345,95.0111576,95.96457496,1.000107398,31046
8505_2022,int_1,1.009176948,0.930618609,1.088413966,1.000350962,28268
8505_2022,int_2,2.597817288,2.485043266,2.706415941,1.000211773,26922
8505_2022,sigma_1,0.277170506,0.232068717,0.325042096,1.000076142,24112
8576_2023,cp_1,34.37643542,33.12282762,34.99991515,1.000236499,14406
8576_2023,int_1,0.609188303,0.210868366,1.007937715,1.000055146,17794
8576_2023,int_2,1.659542905,1.592623526,1.724849718,1.000105924,27272
8576_2023,sigma_1,0.3121598,0.266135109,0.360897798,1.000000521,22925
8577_2023,cp_1,38.976192,36.00090279,36.99498808,1.000210961,24642
8577_2023,int_1,1.369932403,1.152620638,1.536337545,1.000172055,11865
8577_2023,int_2,1.933520989,1.892929964,1.984134778,0.999989909,22249
8577_2023,sigma_1,0.164978056,0.13843463,0.19427271,1.000218455,16862
8579_2023,cp_1,94.49786279,94.02452125,94.97311504,1.000213395,31769
8579_2023,int_1,1.89457627,1.79740408,1.993493446,1.000031198,27374
8579_2023,int_2,5.205708886,5.050433121,5.356504516,0.99999543,27498
8579_2023,sigma_1,0.393072939,0.335936203,0.45427033,1.000064675,24123
8580_2023,cp_1,39.60539421,35.678975,40.99997704,1.001853564,1291
8580_2023,int_1,0.459033455,0.19617103,0.707864456,1.000256007,5571
8580_2023,int_2,1.088769878,0.982834305,1.191160488,1.000157622,12119
8580_2023,sigma_1,0.316952722,0.254866952,0.38675785,1.000017846,15266
8581_2023,cp_1,85.62747967,85.00001017,86.68628049,1.000166246,11292
8581_2023,int_1,1.218548213,1.089497703,1.345306962,0.999993835,24008
8581_2023,int_2,2.755505062,2.631129,2.879899449,1.000049212,26350
8581_2023,sigma_1,0.359580104,0.298017338,0.426235068,1.000057329,21843
8585_2023,cp_1,81.09051691,80.03680282,81.9996551,1.007285779,10626
8585_2023,int_1,0.913896559,0.755687312,1.072474665,1.000119745,26478
8585_2023,int_2,1.702186855,1.56431695,1.840928266,1.000075638,26198
8585_2023,sigma_1,0.419108255,0.349542704,0.498982618,1.000127965,21540
8586_2023,cp_1,94.51751918,93.11472847,95.99816534,0.999979282,32255
8586_2023,int_1,0.991623935,0.332088715,1.637327727,1.000003818,27878
8586_2023,int_2,14.33290266,13.58826083,15.08080008,0.999990297,26678
8586_2023,sigma_1,1.870982731,1.538012566,2.242818284,1.000139826,23619
8601_2023,cp_1,110.5856157,109.5069128,111.9999276,1.009320718,9529
8601_2023,int_1,0.395409298,0.311805905,0.480646417,1.000148694,27777
8601_2023,int_2,1.083389835,0.86064249,1.310170521,1.000086658,23984
8601_2023,sigma_1,0.350122798,0.296642822,0.409725379,1.000190385,22393
8602_2023,cp_1,90.79289192,90.00007717,91.91872705,1.000022896,19611
8602_2023,int_1,1.380444173,1.279892748,1.47794405,1.00004718,26875
8602_2023,int_2,2.337708698,2.203776227,2.463625942,1.000010221,27795
8602_2023,sigma_1,0.344509667,0.2901815,0.401955041,1.000495059,23290
8603_2023,cp_1,74.42837288,65.00111028,84.74819108,1.000586919,9905
8603_2023,int_1,1.101887929,1.015579323,1.187168261,1.000143449,14931
8603_2023,int_2,0.875140771,0.805815478,0.944223083,1.000469849,19260
8603_2023,sigma_1,0.213506135,0.180041709,0.249106489,1.000130359,24904
8604_2023,cp_1,45.51441955,45.03308426,45.99630102,1.000121663,24257
8604_2023,int_1,0.117838422,-0.095054493,0.324266528,1.000127617,25175
8604_2023,int_2,1.209570304,1.154683407,1.263882335,1.000067374,27970
8604_2023,sigma_1,0.235790461,0.199158524,0.274171673,0.999989509,24933
8605_2023,cp_1,41.88087979,41.00011405,42.8996818,1.000992146,7333
8605_2023,int_1,0.271111087,-0.315091278,0.839822029,1.000150351,11395
8605_2023,int_2,1.246638997,1.180699688,1.311276572,1.000469081,26356
8605_2023,sigma_1,0.287719953,0.243594635,0.335541997,1.00011489,24390
8625_2023,cp_1,86.23471607,68.00079132,115.6552141,1.007024163,1614
8625_2023,int_1,0.712490962,0.311874332,1.083876751,1.002148768,2690
8625_2023,int_2,0.891746377,0.65068826,1.088702656,1.005879682,3551
8625_2023,sigma_1,0.39578749,0.320689196,0.475655724,1.000272356,21538
8628_2023,cp_1,118.5005436,118.0314235,118.9813538,1.000009456,31746
8628_2023,int_1,0.830678088,0.756836227,0.903278907,1.000125592,27482
8628_2023,int_2,3.381201665,3.012177839,3.754384793,1.000071795,26591
8628_2023,sigma_1,0.267342011,0.216543222,0.320989412,1.000208403,23064
8660_2023,cp_1,104.4925143,104.0169794,104.9759377,1.00011607,26837
8660_2023,int_1,0.691327439,0.595291489,0.786129994,0.999992003,27545
8660_2023,int_2,2.344447161,2.204963652,2.487050352,1.000303853,25975
8660_2023,sigma_1,0.288515864,0.232867437,0.348577721,1.000137484,23146
8661_2023,cp_1,74.48068047,74.00126811,74.96975625,1.000334599,20671
8661_2023,int_1,0.305869952,0.163995357,0.447831671,1.000170611,23769
8661_2023,int_2,1.436761566,1.386053583,1.487413971,1.000033566,26830
8661_2023,sigma_1,0.171742868,0.139329457,0.208548294,0.999988552,21264
8663_2023,cp_1,77.41286411,76.5641934,77.99992886,0.999992541,16284
8663_2023,int_1,0.22953218,0.066313149,0.383347541,1.000042593,25954
8663_2023,int_2,1.233782431,1.161704688,1.305139261,0.999985738,27338
8663_2023,sigma_1,0.235669381,0.191042528,0.285377372,1.000112012,20830
8664_2023,cp_1,75.49529191,75.02415206,75.97788982,1.000013961,28517
8664_2023,int_1,0.181229523,0.10315461,0.258871817,1.0000584,26605
8664_2023,int_2,0.9898332,0.959018953,1.020203246,1.000070705,27677
8664_2023,sigma_1,0.103546701,0.083596183,0.125075839,1.000258991,22320
8665_2023,cp_1,94.43606182,93.77952854,94.99997422,1.000593581,16690
8665_2023,int_1,0.851725571,0.707994521,0.997801992,1.000087826,26875
8665_2023,int_2,2.198734172,2.053637177,2.340550556,1.000033803,27406
8665_2023,sigma_1,0.371187321,0.29877893,0.447532998,1.000040022,21948
8666_2023,cp_1,96.93507609,95.00121379,98.21636078,0.999998712,21959
8666_2023,int_1,1.367646948,1.172932311,1.570179238,1.00013265,24970
8666_2023,int_2,3.040387134,2.818562667,3.257913449,1.000043816,25145
8666_2023,sigma_1,0.526333752,0.42548238,0.634662645,1.000415031,22867
8667_2023,cp_1,100.3202692,99.26836231,100.9999505,1.000065139,17096
8667_2023,int_1,1.281914392,1.162642707,1.397196434,1.000027853,25173
8667_2023,int_2,2.838363279,2.689895138,2.988083059,0.999970591,23795
8667_2023,sigma_1,0.329451182,0.266344012,0.397529243,1.000157785,22340
8669_2023,cp_1,76.49995151,76.0327688,76.98264414,0.999977343,30751
8669_2023,int_1,0.917023154,0.79829327,1.032144984,1.000190607,27338
8669_2023,int_2,2.473852042,2.395386107,2.556363389,1.000148112,27437
8669_2023,sigma_1,0.226800927,0.180532776,0.276649522,1.000223162,22216
8670_2023,cp_1,70.51731324,69.97862097,71.59091821,1.000101303,17348
8670_2023,int_1,1.185203453,0.833331639,1.531424279,1.000365179,22042
8670_2023,int_2,4.24994557,4.086123675,4.408407894,1.000042078,26374
8670_2023,sigma_1,0.507231304,0.405962001,0.619919587,1.000054819,20123
8671_2023,cp_1,79.61016789,68.41575795,90.99999218,1.01663227,79
8671_2023,int_1,0.725637466,0.462665822,0.980299761,1.009012224,279
8671_2023,int_2,1.279301912,1.138209282,1.437578592,1.006608612,256
8671_2023,sigma_1,0.34005109,0.277615425,0.409173602,1.000042666,18425
8672_2023,cp_1,100.4727844,76.04279727,110.6484208,1.024085144,147
8672_2023,int_1,1.512502929,0.697090287,1.930800465,1.023495078,169
8672_2023,int_2,3.854411515,2.801885494,4.477724038,1.017144356,185
8672_2023,sigma_1,0.742050324,0.585860098,0.91030099,1.000346557,20397
8674_2023,cp_1,53.01794695,48.22417538,57.70236835,1.000046397,31866
8674_2023,int_1,0.60100289,0.110107763,1.090575658,1.000029643,27083
8674_2023,int_2,3.357359366,3.230484511,3.483605548,1.000053656,28265
8674_2023,sigma_1,0.502309446,0.418642975,0.596147137,1.00012218,22851
8675_2023,cp_1,46.759354,46.00006061,47.87723998,1.01705476,2226
8675_2023,int_1,0.268911564,-0.148476068,0.691308206,1.000812829,9547
8675_2023,int_2,1.173342419,1.110248045,1.237832753,1.000152782,28100
8675_2023,sigma_1,0.274296997,0.229540596,0.320566297,1.000019183,22525
8751_2023,cp_1,54.49142499,54.03586922,54.99368003,1.000039243,26740
8751_2023,int_1,0.589795878,0.46011495,0.719755199,1.000110958,26484
8751_2023,int_2,4.176411435,4.101167376,4.252553153,1.000235802,26792
8751_2023,sigma_1,0.312259579,0.267136281,0.360903524,1.000271718,24986
8752_2023,cp_1,80.0343166,77.7671831,83.99987774,1.001741303,3031
8752_2023,int_1,1.388620128,1.243096719,1.533202101,1.000199651,14505
8752_2023,int_2,2.831974153,2.680586735,2.99470968,1.000201238,13168
8752_2023,sigma_1,0.480848512,0.410805684,0.556766947,1.000073401,23055
8753_2023,cp_1,117.3273239,116.2993247,117.9999255,1.000208705,10224
8753_2023,int_1,0.818084303,0.689511797,0.947576425,1.000213779,25761
8753_2023,int_2,4.99477095,4.200690372,5.724109832,1.000195647,10758
8753_2023,sigma_1,0.559426459,0.471211211,0.652316255,1.000011066,23930
8754_2023,cp_1,91.57523672,91.00000568,92.60236137,1.000618862,17341
8754_2023,int_1,0.688357374,0.532827318,0.845744247,1.000289433,27195
8754_2023,int_2,2.369733456,2.161587506,2.571961103,1.000174845,27775
8754_2023,sigma_1,0.559131986,0.471433158,0.652090072,1.000004069,22940
8755_2023,cp_1,102.6357866,67.01070052,118.8765159,1.008090656,142
8755_2023,int_1,0.58412538,0.460884799,0.719549165,1.015713323,588
8755_2023,int_2,0.892932549,0.623844915,1.130504426,1.001100396,897
8755_2023,sigma_1,0.361282329,0.303811783,0.422616703,1.000104243,17565
8756_2023,cp_1,80.6069838,65.01306736,100.9572507,1.048303127,43
8756_2023,int_1,0.62155078,0.435483114,0.807411166,1.012324759,335
8756_2023,int_2,0.960190191,0.796150326,1.153615951,1.026628566,351
8756_2023,sigma_1,0.380260946,0.320879727,0.44540761,0.999998445,19311
8757_2023,cp_1,85.47766717,66.28524633,119.0011879,1.004816033,63
8757_2023,int_1,0.668959354,0.473060736,0.861398583,1.006331678,327
8757_2023,int_2,0.945853874,0.742601862,1.2187058,1.038658104,402
8757_2023,sigma_1,0.392830691,0.329958041,0.458947764,1.000111734,14841
8758_2023,cp_1,73.32527029,44.00053015,114.9670467,1.004928286,726
8758_2023,int_1,0.471083061,0.049721129,0.754961589,1.004667005,2013
8758_2023,int_2,0.632357595,0.465760521,0.820815515,1.002327932,6094
8758_2023,sigma_1,0.354338533,0.298271257,0.413422113,1.000473894,18465
8759_2023,cp_1,52.49951709,52.03020742,52.97937094,1.000102596,31469
8759_2023,int_1,0.608781041,0.315089488,0.892837156,1.000017288,28258
8759_2023,int_2,4.83305609,4.727773759,4.93953482,1.000187068,27366
8759_2023,sigma_1,0.443182634,0.373990289,0.518208276,1.000054609,23768
8760_2023,cp_1,99.5488023,98.99228405,100.7258403,1.000140134,18844
8760_2023,int_1,0.681021057,0.593918783,0.769187263,1.00005504,26165
8760_2023,int_2,1.916885125,1.772981723,2.061102292,1.000057505,26071
8760_2023,sigma_1,0.333879728,0.281426398,0.389697432,1.000077676,24840
8761_2023,cp_1,88.38946339,64.53259242,101.8969967,1.005555832,1111
8761_2023,int_1,0.455627613,0.375889107,0.537180693,1.013430698,2833
8761_2023,int_2,0.672708378,0.476519503,0.884136339,1.005549932,1026
8761_2023,sigma_1,0.247352494,0.203507514,0.29233658,1.000586334,13575
8767_2023,cp_1,102.7419295,102.0001493,103.9576902,1.000675703,17511
8767_2023,int_1,0.634212564,0.590047966,0.676323491,0.99999497,27802
8767_2023,int_2,0.948551877,0.866392236,1.031767828,1.000121648,26088
8767_2023,sigma_1,0.175064063,0.148080453,0.203472209,1.000083846,22713
8771_2023,cp_1,74.97668494,58.90323138,109.0599031,1.001641676,125
8771_2023,int_1,0.525787677,0.437712585,0.616519692,1.003251954,564
8771_2023,int_2,0.692912963,0.612776556,0.814249129,1.001808275,224
8771_2023,sigma_1,0.18392621,0.156119441,0.214557048,0.999974853,20628
8773_2023,cp_1,102.4983731,102.0229744,102.9733606,1.000030422,32138
8773_2023,int_1,1.200838253,1.047622252,1.354225616,0.999968167,27907
8773_2023,int_2,9.411591549,9.107289684,9.715509468,0.999975094,28281
8773_2023,sigma_1,0.654505032,0.558703544,0.756833068,1.000124578,25856
8774_2023,cp_1,92.49419285,83.9989143,96.57164811,1.017324696,260
8774_2023,int_1,0.874569613,0.780355623,0.970587109,1.002248142,4296
8774_2023,int_2,1.401549664,1.243813047,1.555397633,1.003696574,1345
8774_2023,sigma_1,0.353512567,0.302003061,0.409569696,1.000075874,22151
8775_2023,cp_1,95.39367075,94.00086188,96.76077272,1.000115512,23040
8775_2023,int_1,0.71733087,0.643087396,0.790485893,1.000117658,29340
8775_2023,int_2,1.412042455,1.284639462,1.536303833,0.999988735,24294
8775_2023,sigma_1,0.294414449,0.251253732,0.341761379,1.000160499,23829
8802_2023,cp_1,101.5042085,101.0269114,101.9775899,1.000058218,29243
8802_2023,int_1,0.883735259,0.820487229,0.951780654,1.000074662,28073
8802_2023,int_2,2.771865881,2.641236465,2.897321364,0.999970433,28515
8802_2023,sigma_1,0.278851216,0.238162588,0.321843995,0.999984783,24633
8804_2023,cp_1,94.40532069,93.41868803,94.99995071,1.000096397,11533
8804_2023,int_1,0.167673429,0.007470095,0.331110817,1.000081433,26591
8804_2023,int_2,1.643326567,1.391656142,1.895096261,1.000030163,26632
8804_2023,sigma_1,0.648124329,0.551622194,0.746662958,1.000120517,24306
8805_2023,cp_1,82.36689469,81.38193946,82.99999913,1.000036375,15205
8805_2023,int_1,0.954801591,0.566818414,1.361079058,1.000102145,24056
8805_2023,int_2,15.35002322,14.88238662,15.81759991,1.000217613,21617
8805_2023,sigma_1,1.400052217,1.186899392,1.611801135,1.000017647,24701
8806_2023,cp_1,101.3900234,100.4500726,101.9999656,1.000239203,16781
8806_2023,int_1,0.219980325,0.143214144,0.294959638,1.000110274,26765
8806_2023,int_2,2.230031013,2.082130159,2.376581699,1.00005115,23983
8806_2023,sigma_1,0.320760122,0.272649212,0.370010646,1.000058873,25278
8807_2023,cp_1,81.64107828,80.22873932,82.99875573,1.00059116,18030
8807_2023,int_1,0.443784011,-0.226404028,1.134179455,1.000134395,24104
8807_2023,int_2,13.80397352,13.01337129,14.58085415,1.00056552,21811
8807_2023,sigma_1,2.342917088,2.000340293,2.696295255,1.000094301,25727
8810_2023,cp_1,93.49946804,93.00456595,93.95285107,1.000019747,32266
8810_2023,int_1,1.379474362,1.280433214,1.481820007,1.000042744,27940
8810_2023,int_2,9.893130407,9.743645118,10.05117865,1.000139237,27858
8810_2023,sigma_1,0.398772403,0.340761918,0.45983218,1.000262187,24667
8811_2023,cp_1,112.4973559,112.0159312,112.9698538,1.000045222,28068
8811_2023,int_1,1.78780248,1.658093287,1.911586074,1.00013172,29262
8811_2023,int_2,5.814205683,5.418101944,6.204975657,1.000069524,26964
8811_2023,sigma_1,0.563914676,0.479229705,0.650640099,1.000111399,25080
8812_2023,cp_1,102.7908963,101.001543,104.6806983,1.000288329,14956
8812_2023,int_1,4.988467627,4.067798103,5.913045779,1.000088474,25483
8812_2023,int_2,19.85585863,17.97907626,21.7594388,1.00015494,20046
8812_2023,sigma_1,3.710919381,3.148135995,4.306814364,1.000159282,22623
8901_2023,cp_1,73.509524,73.01926579,73.97822048,1.001067283,20194
8901_2023,int_1,1.663897986,1.46334638,1.853561116,1.000271012,27353
8901_2023,int_2,0.592792888,0.467562799,0.723008758,1.000031022,26959
8901_2023,sigma_1,0.44231412,0.368909831,0.522311793,1.000072143,22859
8902_2023,cp_1,75.13657566,73.00019948,78.62812787,0.999996032,13122
8902_2023,int_1,1.687190382,1.493539816,1.860195382,0.999977056,20918
8902_2023,int_2,0.929276098,0.812710543,1.052570103,1.000084111,25694
8902_2023,sigma_1,0.402871336,0.336150291,0.475773369,1.000149343,24059
8903_2023,cp_1,109.0828313,103.401415,113.9839955,1.012566766,4128
8903_2023,int_1,1.209684494,1.068174368,1.348351745,1.000411999,21434
8903_2023,int_2,1.923675399,1.566955993,2.274870143,1.000879904,10992
8903_2023,sigma_1,0.515354991,0.429742054,0.610404453,1.00011589,21329
8904_2023,cp_1,89.35889961,88.3150356,89.99998072,1.000021848,17222
8904_2023,int_1,1.25870085,0.897722705,1.623360176,1.000124236,25976
8904_2023,int_2,5.678316877,5.285204682,6.071549331,1.000201224,25944
8904_2023,sigma_1,1.089963063,0.902286494,1.284133799,1.00013272,22210
8905_2023,cp_1,104.5026433,104.0168962,104.9707791,1.000063785,30195
8905_2023,int_1,0.857021922,0.71769432,0.995174639,1.000224289,28349
8905_2023,int_2,2.66787047,2.423962301,2.917772676,1.000039031,27280
8905_2023,sigma_1,0.503351288,0.417623056,0.592504956,1.0000792,23961
8906_2023,cp_1,56.49169227,56.00353667,56.98002876,1.000188316,18453
8906_2023,int_1,0.768655704,0.513157739,1.019458199,1.0001137,20574
8906_2023,int_2,2.025385575,1.943409199,2.104222597,1.000050413,26314
8906_2023,sigma_1,0.210436688,0.156246431,0.271439646,1.000077943,16652
8907_2023,cp_1,103.8464466,103.0003229,104.8663661,1.000061769,21329
8907_2023,int_1,1.018438958,0.934302815,1.102317776,1.000198033,26566
8907_2023,int_2,2.001012768,1.854918122,2.147580918,1.000070376,26005
8907_2023,sigma_1,0.300072758,0.250167448,0.353563917,1.000094889,24728
8908_2023,cp_1,99.92800238,70.58635541,112.266156,1.032645593,97
8908_2023,int_1,1.188275453,0.907257881,1.741676622,1.022761589,267
8908_2023,int_2,1.623076058,0.989440583,2.046304963,1.017400183,167
8908_2023,sigma_1,0.633759921,0.520468705,0.743816615,1.000338792,20403
8909_2023,cp_1,99.76045072,99.0008574,100.9152004,1.000027229,19281
8909_2023,int_1,1.244362096,1.04425317,1.444511461,1.000080188,26796
8909_2023,int_2,3.376143186,3.08092986,3.682446383,0.999974135,26159
8909_2023,sigma_1,0.681416113,0.567727094,0.804095132,1.000108332,22852
8910_2023,cp_1,67.29061561,54.00272934,86.78312017,1.000962543,825
8910_2023,int_1,1.155786138,-0.157872152,2.098494058,1.001600773,852
8910_2023,int_2,1.314135412,0.710074453,1.831349515,1.00194297,1337
8910_2023,sigma_1,0.823569565,0.635954129,1.027442975,1.000334031,19044
8952_2023,cp_1,89.78746388,88.44457784,90.99995193,1.000609242,15663
8952_2023,int_1,0.438626796,0.098387942,0.779322097,1.000074288,26653
8952_2023,int_2,2.581992237,2.252827408,2.92121341,1.000084,25341
8952_2023,sigma_1,0.858577744,0.693307203,1.032969298,1.000233233,22505
8953_2023,cp_1,89.14373652,86.92427109,90.99934695,1.005808499,8528
8953_2023,int_1,0.46636042,0.223200822,0.709979805,1.000099903,24176
8953_2023,int_2,1.905680781,1.662358219,2.141580176,1.0003697,20895
8953_2023,sigma_1,0.595898999,0.480583941,0.725671888,1.000152244,19424
8955_2023,cp_1,84.50286466,83.23648292,85.99919165,1.000280935,20324
8955_2023,int_1,0.498604222,-0.024826565,1.008473789,1.000031683,25887
8955_2023,int_2,3.55237758,3.146702081,3.958053142,1.00020163,25528
8955_2023,sigma_1,1.151398338,0.93261416,1.393941416,1.000420772,21182
8989_2023,cp_1,43.78826001,43.00000491,44.89690926,1.00030384,16210
8989_2023,int_1,0.363857879,0.236062431,0.485603296,1.000134071,23141
8989_2023,int_2,1.01771879,0.934553637,1.102441154,1.000442544,26192
8989_2023,sigma_1,0.214952602,0.165814779,0.267964382,1.000174153,18749
8991_2023,cp_1,48.05532196,32.36617433,78.53686622,1.041149638,537
8991_2023,int_1,0.45880627,-0.101627397,1.144587664,1.010329112,1507
8991_2023,int_2,1.04093174,0.815852714,1.247855239,1.014805441,1657
8991_2023,sigma_1,0.702236837,0.595575275,0.807921713,1.000582792,19928
8992_2023,cp_1,91.13601611,89.62682554,92.02531625,1.000083594,17703
8992_2023,int_1,0.758567506,0.287104275,1.227817451,1.000092546,26888
8992_2023,int_2,4.628616478,3.865205378,5.368972902,1.000114195,25727
8992_2023,sigma_1,1.834584174,1.550327584,2.127093066,1.000022224,23207
8993_2023,cp_1,97.50024021,97.03878466,97.98845975,1.000050322,32019
8993_2023,int_1,0.749238029,0.714950561,0.782839419,1.000111501,28804
8993_2023,int_2,1.560850544,1.50331996,1.618473163,1.000266262,27386
8993_2023,sigma_1,0.141172345,0.121092011,0.162836861,1.000026155,24120
8995_2023,cp_1,91.12762683,89.20681713,92.00829585,1.000361765,16484
8995_2023,int_1,0.856762549,0.385187626,1.33044353,0.999987273,27722
8995_2023,int_2,4.401813968,3.723077857,5.080996196,1.000126962,26306
8995_2023,sigma_1,1.847284057,1.577244688,2.133685585,1.000008732,23493
8997_2023,cp_1,100.9929379,100.0148707,101.912025,1.000091317,21431
8997_2023,int_1,0.301871184,0.266699934,0.338422001,1.000142131,26726
8997_2023,int_2,1.046471113,0.976474517,1.116584451,1.000072046,23748
8997_2023,sigma_1,0.150463518,0.12872991,0.17356983,0.99999068,25021
8998_2023,cp_1,102.4904204,102.0150358,102.9702118,1.000038546,27488
8998_2023,int_1,0.430589956,0.385732527,0.476709346,1.000022967,27676
8998_2023,int_2,2.043840159,1.956388386,2.137636901,1.000001281,27710
8998_2023,sigma_1,0.194562551,0.16583991,0.22418473,1.000084825,24752
9000_2023,cp_1,101.2159607,100.1772171,101.9998826,0.999980421,19291
9000_2023,int_1,0.522207397,0.465284297,0.579777561,1.000031673,28173
9000_2023,int_2,1.3839013,1.272608594,1.493833388,0.999990372,25861
9000_2023,sigma_1,0.241829545,0.206816266,0.279081576,1.00003816,25204
9001_2023,cp_1,115.5030533,115.0117905,115.9658369,1.000077622,26012
9001_2023,int_1,0.49189032,0.424632754,0.560606932,1.000138423,27285
9001_2023,int_2,3.658881822,3.375568006,3.945240427,1.000058012,25180
9001_2023,sigma_1,0.317641071,0.271044764,0.366505387,1.000038887,25557
9002_2023,cp_1,89.69462735,86.56850577,91.98358598,1.001119164,1654
9002_2023,int_1,0.832306561,0.706482047,0.962994754,1.000358938,13603
9002_2023,int_2,2.137427943,1.958837968,2.315863572,1.00022364,7655
9002_2023,sigma_1,0.437331927,0.368404788,0.512677913,1.00018296,21763
9006_2023,cp_1,93.56574605,90.95941211,95.99854278,1.000604147,2309
9006_2023,int_1,0.851066451,0.745492469,0.957407481,1.000182998,23509
9006_2023,int_2,2.062988974,1.892507833,2.235539203,1.00018815,11790
9006_2023,sigma_1,0.384513144,0.323579463,0.450057708,1.00014741,21488
9007_2023,cp_1,87.80365023,87.00006185,89.93699763,1.002014525,3588
9007_2023,int_1,0.565561699,0.498007106,0.63577219,1.000049756,22341
9007_2023,int_2,1.249200108,1.167998503,1.331183351,1.000187396,25190
9007_2023,sigma_1,0.234209354,0.19820283,0.273176589,1.000149409,21108
9008_2023,cp_1,94.49889784,94.00452031,94.95303294,1.000004579,31790
9008_2023,int_1,1.099072903,1.002950502,1.193139775,1.000224229,28409
9008_2023,int_2,4.835266753,4.705834448,4.965941197,1.000067885,26711
9008_2023,sigma_1,0.302544056,0.24761771,0.360549682,1.000066073,23722
9009_2023,cp_1,93.98442439,93.01379709,94.91723757,1.000060424,22933
9009_2023,int_1,1.165004258,1.020022275,1.317215959,1.000657171,25684
9009_2023,int_2,2.852705912,2.675159247,3.034926499,0.999982312,25776
9009_2023,sigma_1,0.462474784,0.385273045,0.546675703,1.0000687,23063
9013_2023,cp_1,102.2216711,98.95420139,107.749718,1.000111949,11473
9013_2023,int_1,1.082029353,0.98579709,1.178722001,1.000015955,22031
9013_2023,int_2,1.580540602,1.420681206,1.740076901,1.000026465,20745
9013_2023,sigma_1,0.318575396,0.264123681,0.377502313,1.000485584,22385
9015_2023,cp_1,84.58636813,83.48409748,85.99943101,1.000048503,19632
9015_2023,int_1,0.547686057,0.089699337,0.994751405,1.000107732,26327
9015_2023,int_2,3.650983132,3.2866698,4.017695064,1.000068793,26435
9015_2023,sigma_1,1.02252652,0.822493574,1.235650812,1.000130702,22308
9016_2023,cp_1,89.48219281,88.24400148,90.99644022,1.000682967,13874
9016_2023,int_1,0.490535527,0.265344962,0.721554265,1.000160936,26682
9016_2023,int_2,1.823953418,1.606369854,2.053975224,1.000074336,25007
9016_2023,sigma_1,0.570250633,0.459720111,0.69010721,1.000041669,20548
9017_2023,cp_1,89.4958597,88.20135764,90.99963529,1.000719783,14695
9017_2023,int_1,0.488416105,0.2449852,0.730033003,1.000211252,26947
9017_2023,int_2,1.903885113,1.665200711,2.14217395,1.000167479,24194
9017_2023,sigma_1,0.614571277,0.499341647,0.747921027,1.000272945,20679
9018_2023,cp_1,103.5002473,103.0186188,103.9679378,1.000116385,32329
9018_2023,int_1,1.242197007,1.141300074,1.345301485,1.00048334,26820
9018_2023,int_2,6.428711157,6.163860238,6.688785359,1.000149069,26544
9018_2023,sigma_1,0.404577057,0.338206711,0.474959118,1.000081924,25021
9019_2023,cp_1,56.13524787,43.00456423,92.89440039,1.04720742,24
9019_2023,int_1,0.753922285,0.217923684,1.379813865,1.02747999,105
9019_2023,int_2,1.20579478,1.02247436,1.324956831,1.041431771,142
9019_2023,sigma_1,0.31840455,0.26978171,0.371920025,1.000163519,17069
9020_2023,cp_1,47.76157745,46.00003646,50.69916774,1.000819125,2498
9020_2023,int_1,0.275570164,-0.063968833,0.635922845,1.000577105,5202
9020_2023,int_2,1.335887741,1.264887114,1.410336779,1.000250166,20732
9020_2023,sigma_1,0.308288111,0.26134261,0.359488348,1.00030108,23892
9021_2023,cp_1,105.4969522,105.0063043,105.9555365,1.000152615,30791
9021_2023,int_1,1.413771419,1.322028183,1.507012309,1.000065797,26396
9021_2023,int_2,4.713092445,4.521982831,4.902089479,1.000132148,28503
9021_2023,sigma_1,0.373404615,0.31650458,0.435501205,1.000104022,23725
9023_2023,cp_1,95.70957925,93.49498044,97.94931534,1.006143393,6688
9023_2023,int_1,0.649931067,0.509500943,0.790230051,1.0004443,26543
9023_2023,int_2,1.247149305,1.030824213,1.462987784,1.000221935,19848
9023_2023,sigma_1,0.462244039,0.382947072,0.54968291,1.000118222,19580
9024_2023,cp_1,96.30830187,95.13293454,96.99970519,1.000198805,16573
9024_2023,int_1,1.003313361,0.856937452,1.150842283,1.000201856,27737
9024_2023,int_2,2.429725832,2.230233097,2.631758116,1.000052694,25990
9024_2023,sigma_1,0.492367983,0.410952808,0.581387846,1.000011661,24031
9026_2023,cp_1,97.41104994,96.52340269,98.00001375,1.000089134,17196
9026_2023,int_1,1.047187188,0.893375384,1.195457834,1.000378103,26928
9026_2023,int_2,4.293171611,4.082873316,4.510775193,0.999996447,24424
9026_2023,sigma_1,0.510407161,0.422790315,0.59966997,1.000193473,24539
9027_2023,cp_1,96.56930008,96.00002204,97.28407129,1.000293196,17580
9027_2023,int_1,0.621346628,0.512297511,0.729914215,1.000342368,26140
9027_2023,int_2,2.779882636,2.636661668,2.927372057,1.00013535,25703
9027_2023,sigma_1,0.359678517,0.298518457,0.423493912,1.000621816,23371
9034_2023,cp_1,112.5027523,112.0159186,112.9774073,1.000761796,27922
9034_2023,int_1,1.797510037,1.156226631,2.438821871,1.000028108,25527
9034_2023,int_2,11.02696631,9.645514338,12.35448537,1.000065767,27171
9034_2023,sigma_1,1.928181949,1.533435129,2.372325178,1.00001109,21462
9036_2023,cp_1,109.5007329,109.0429492,109.9912562,1.000060641,31861
9036_2023,int_1,1.419809769,1.053761282,1.789523685,1.00006059,28061
9036_2023,int_2,11.14716338,10.51924157,11.78820942,1.000192061,27664
9036_2023,sigma_1,1.067242186,0.846895586,1.308877679,1.000017629,22098
9051_2023,cp_1,96.01501364,95.00205072,96.97253935,1.000223568,25181
9051_2023,int_1,1.045410065,0.928815213,1.170789089,1.000291876,27839
9051_2023,int_2,1.906851063,1.712644388,2.102457583,1.000135944,27400
9051_2023,sigma_1,0.492695193,0.422351555,0.568559733,1.00006449,24729
9054_2023,cp_1,84.89002313,75.28327692,88.53110168,1.001054831,3620
9054_2023,int_1,1.037151489,0.558634866,1.528269959,1.000142813,25941
9054_2023,int_2,2.921018647,2.284430709,3.55831267,1.000038584,12464
9054_2023,sigma_1,1.768848282,1.515786292,2.050838295,1.000088887,20224
9055_2023,cp_1,74.27245823,71.61543664,75.99999461,1.000181662,11816
9055_2023,int_1,0.788139385,0.661335846,0.91506953,1.000122318,26850
9055_2023,int_2,1.364565565,1.241089438,1.489699172,1.000019706,24265
9055_2023,sigma_1,0.42162214,0.360085456,0.487665966,1.000410639,23583
9057_2023,cp_1,86.32192595,85.00012088,87.48494913,1.000594695,18406
9057_2023,int_1,0.714094455,0.361175201,1.066323628,1.000097313,26771
9057_2023,int_2,4.535268672,4.077570551,4.991147366,1.000022674,26274
9057_2023,sigma_1,1.308331088,1.113995716,1.514718348,1.000256016,22738
9058_2023,cp_1,74.39393003,34.83222835,112.9385803,1.000535699,1726
9058_2023,int_1,0.85493257,0.635506516,1.026559041,1.001141771,3488
9058_2023,int_2,0.863879196,0.657614937,1.046225135,1.003136882,3898
9058_2023,sigma_1,0.33403536,0.28332833,0.387255851,1.000416681,22474
9059_2023,cp_1,48.44078698,39.01345996,60.49888925,1.040840964,863
9059_2023,int_1,0.240390447,0.156984268,0.321586882,1.003485665,3469
9059_2023,int_2,0.339254242,0.300296477,0.372867555,1.017444437,3837
9059_2023,sigma_1,0.084311099,0.065541625,0.103999121,1.0003317,16378
9060_2023,cp_1,57.38132118,34.00319501,95.56220521,1.000657483,3398
9060_2023,int_1,0.219342071,0.041495735,0.348793016,1.001174651,5347
9060_2023,int_2,0.317876212,0.229994688,0.406335337,1.002098008,5988
9060_2023,sigma_1,0.184471863,0.154600733,0.21697996,1.000293403,23341
9061_2023,cp_1,85.48348824,85.0152203,85.99758679,1.000234711,20550
9061_2023,int_1,0.712754171,0.037516171,1.379377395,1.000180045,26417
9061_2023,int_2,24.45368267,23.64558025,25.26199349,1.000113177,25454
9061_2023,sigma_1,2.407273165,2.046918974,2.783141984,1.000118127,24105
9062_2023,cp_1,102.501398,102.0174508,102.9656864,1.000005373,31400
9062_2023,int_1,1.287336637,1.155976191,1.417515331,1.000115902,27549
9062_2023,int_2,5.456026077,5.205964838,5.702376167,1.000167833,27389
9062_2023,sigma_1,0.531721376,0.45049732,0.616478828,1.000104202,24354
9063_2023,cp_1,96.50084219,96.00715566,96.95846412,0.999989051,32070
9063_2023,int_1,0.881611494,0.750644377,1.014097762,1.000085838,27731
9063_2023,int_2,8.739482139,8.533456578,8.943888851,1.000008146,27546
9063_2023,sigma_1,0.512299416,0.435681837,0.594281824,1.000346394,25018
9064_2023,cp_1,71.1154714,54.68180675,91.78419731,1.002306216,1135
9064_2023,int_1,0.758851176,0.577589617,0.925355957,1.021925004,2103
9064_2023,int_2,1.042741829,0.912744262,1.181879482,1.002627715,3726
9064_2023,sigma_1,0.378699764,0.322012666,0.441806487,1.000028792,23006
9065_2023,cp_1,96.49918246,96.02386666,96.97270813,1.000013183,32511
9065_2023,int_1,1.310684385,1.124551247,1.49853034,1.000123591,27290
9065_2023,int_2,9.523059997,9.222761303,9.812893725,1.000184672,27766
9065_2023,sigma_1,0.729747677,0.620227788,0.848234468,1.000287988,25192
9066_2023,cp_1,102.5596024,102.0001344,103.1386496,1.000085089,17669
9066_2023,int_1,0.318209506,0.255575974,0.380024124,1.000050761,26166
9066_2023,int_2,1.109813414,0.929688438,1.285777217,1.000086978,26575
9066_2023,sigma_1,0.218771553,0.177686108,0.262650678,1.000108971,21410
9067_2023,cp_1,80.51058409,80.0111397,80.97396026,1.000086242,25011
9067_2023,int_1,0.319265925,0.238931977,0.39883236,1.000192933,26842
9067_2023,int_2,1.195171599,1.029701244,1.359690138,1.000226243,26431
9067_2023,sigma_1,0.203339983,0.151435334,0.258551718,1.000200059,18609
9068_2023,cp_1,79.72478168,62.82462002,117.7460033,1.012288747,767
9068_2023,int_1,0.275202682,0.129805203,0.448106783,1.006397113,1725
9068_2023,int_2,0.457449473,0.328236348,0.573488407,1.003208068,6280
9068_2023,sigma_1,0.28940276,0.239474836,0.34322762,1.000412312,15449
9069_2023,cp_1,88.51733283,55.01308281,116.0023668,1.003045272,1764
9069_2023,int_1,0.646309231,-0.407985655,1.524510721,1.002776745,2555
9069_2023,int_2,0.550803367,-0.488054622,1.45879305,1.001230328,2712
9069_2023,sigma_1,1.619853932,1.340982379,1.90447785,1.000324973,23203
9070_2023,cp_1,112.2046512,111.0434341,112.9986696,1.000209316,19325
9070_2023,int_1,2.313200582,1.964942244,2.672364873,1.000095301,26358
9070_2023,int_2,6.108609974,5.212494438,6.954589094,1.000128154,23819
9070_2023,sigma_1,1.226696109,1.000762897,1.472045167,1.000065927,22444
9071_2023,cp_1,86.25121386,67.07550064,115.9020411,1.001011799,50
9071_2023,int_1,0.767393838,0.019979807,1.326667431,1.000826847,260
9071_2023,int_2,1.361704712,1.062985085,1.886956226,1.00037693,196
9071_2023,sigma_1,0.480761571,0.390947532,0.579741687,1.000131185,18525
9072_2023,cp_1,89.52430577,89.02352776,89.99489778,1.000889536,17126
9072_2023,int_1,0.837303833,0.591710417,1.077022932,1.000145144,26103
9072_2023,int_2,3.498027939,3.286911035,3.70841409,0.999970354,28113
9072_2023,sigma_1,0.592279854,0.480112864,0.713510834,1.000061473,22521
9073_2023,cp_1,80.65880676,79.21503975,81.99956743,1.000244746,20746
9073_2023,int_1,0.582503023,0.033685679,1.129392201,1.000029729,26032
9073_2023,int_2,2.687155093,2.360300535,3.015880297,1.000073987,25960
9073_2023,sigma_1,1.024148051,0.830459159,1.225588795,1.000284367,21541
9074_2023,cp_1,95.69492196,95.00021772,96.81231657,1.000048882,17556
9074_2023,int_1,0.593515216,0.463792755,0.721295586,0.999961224,26867
9074_2023,int_2,1.632120858,1.492189761,1.773970794,1.000067293,26522
9074_2023,sigma_1,0.351363151,0.284351429,0.42106315,1.000006785,22335
9075_2023,cp_1,81.26652644,80.20879051,81.99992866,1.000057269,17025
9075_2023,int_1,0.893586471,0.68976901,1.105187223,1.000192457,24124
9075_2023,int_2,2.842953287,2.718067326,2.972338901,1.000035712,25819
9075_2023,sigma_1,0.395074074,0.320811476,0.476578777,1.000263319,22885
9076_2023,cp_1,91.50599932,91.02194353,91.97738471,1.000072484,27129
9076_2023,int_1,0.485117361,0.323047982,0.64540174,1.000071508,27335
9076_2023,int_2,3.872723187,3.669516036,4.068497257,1.000043644,26010
9076_2023,sigma_1,0.54888139,0.460892508,0.642176375,1.000037867,23906
9078_2023,cp_1,102.4998677,102.0384446,102.9870652,1.000131544,31959
9078_2023,int_1,0.57229647,0.469209906,0.677407303,1.000050232,26172
9078_2023,int_2,3.878610507,3.694602131,4.060383018,1.000079563,26428
9078_2023,sigma_1,0.39308601,0.331287329,0.461334863,1.000243549,24568
9079_2023,cp_1,94.50103637,94.03484519,94.98438089,0.999983169,32189
9079_2023,int_1,0.76342598,0.594640125,0.92501853,1.00017376,27177
9079_2023,int_2,5.125406496,4.900715098,5.347425557,1.000058086,27925
9079_2023,sigma_1,0.577027172,0.484164939,0.677347905,1.000207066,24019
9080_2023,cp_1,107.4724042,107.0078884,107.9848818,1.000006213,20113
9080_2023,int_1,0.710174796,0.624702836,0.796405866,0.999996983,27109
9080_2023,int_2,4.47019908,4.278763999,4.655193817,1.000002158,23566
9080_2023,sigma_1,0.337465103,0.282561404,0.39504682,1.00018896,22955
9081_2023,cp_1,84.5002665,84.03302864,84.98201728,0.99999299,32000
9081_2023,int_1,2.737561346,2.544095468,2.931855955,1.000254901,27535
9081_2023,int_2,7.295990574,7.091940337,7.491852227,1.000034577,27504
9081_2023,sigma_1,0.61110984,0.512374063,0.713337386,1.000005518,25215
9082_2023,cp_1,94.50138473,94.03890425,94.98659934,1.000022989,31131
9082_2023,int_1,0.678389659,0.602218655,0.758061448,1.000097355,28208
9082_2023,int_2,5.37459315,5.253144535,5.493029942,1.000010314,27339
9082_2023,sigma_1,0.270855269,0.225166851,0.318260873,1.000011668,24725
9083_2023,cp_1,56.68208995,55.2554208,57.9870377,1.006454117,972
9083_2023,int_1,0.127744546,-0.163426024,0.438358802,1.000037581,4879
9083_2023,int_2,0.740133218,0.695911908,0.785275338,1.000335945,24752
9083_2023,sigma_1,0.179586654,0.147990975,0.211826487,1.000211864,17672
9084_2023,cp_1,91.52037863,89.13766817,93.95172682,1.000606574,7528
9084_2023,int_1,0.426759599,0.356680387,0.496508532,1.000204321,24110
9084_2023,int_2,0.799001841,0.71948326,0.877338752,1.000155132,23323
9084_2023,sigma_1,0.210296256,0.174892886,0.248268494,1.000098165,23590
9085_2023,cp_1,80.34612904,55.06027703,94.85582645,1.001626671,2420
9085_2023,int_1,0.595345507,0.114755382,0.899929727,1.003114852,2919
9085_2023,int_2,0.925896904,0.756225407,1.121952625,1.003516966,3567
9085_2023,sigma_1,0.416534865,0.34626047,0.493623034,1.000052104,21046
9087_2023,cp_1,100.4921207,100.030197,100.9849627,1.000633341,28847
9087_2023,int_1,0.393207484,0.273498347,0.510620042,1.000075493,26820
9087_2023,int_2,2.152725216,1.971784192,2.32995147,1.000079317,26616
9087_2023,sigma_1,0.403471174,0.335978529,0.477039143,1.00014589,22119
9088_2023,cp_1,101.4379764,100.5694193,101.9999636,0.999965757,17566
9088_2023,int_1,0.541521925,0.35217137,0.728611327,1.0000758,26952
9088_2023,int_2,4.664956509,4.361080203,4.960518619,1.000111128,24107
9088_2023,sigma_1,0.645215752,0.536409611,0.764367142,1.000190987,22954
9089_2023,cp_1,100.5020931,100.0392902,100.9976223,1.000077036,28831
9089_2023,int_1,0.756746128,0.687488568,0.828633762,1.000170388,28311
9089_2023,int_2,1.704367921,1.555678296,1.854338691,1.000258573,26038
9089_2023,sigma_1,0.238644437,0.195354687,0.287031558,1.000152501,23581
9090_2023,cp_1,82.44224198,67.00007618,107.0361713,1.008618704,327
9090_2023,int_1,0.784222316,0.317106706,1.041808051,1.006510082,460
9090_2023,int_2,1.023215715,0.946588919,1.120862692,1.006705814,1429
9090_2023,sigma_1,0.184166287,0.150319658,0.222113299,1.000241363,16976
9091_2023,cp_1,98.42032813,95.6054215,101.0066946,1.001887963,6303
9091_2023,int_1,0.737004296,0.64324432,0.830091699,1.000195608,23514
9091_2023,int_2,0.255563945,0.08512998,0.436943617,1.000065759,16300
9091_2023,sigma_1,0.261794586,0.203848038,0.324513112,1.000635775,17064
9093_2023,cp_1,102.2849682,99.33857343,103.9999236,1.004584431,610
9093_2023,int_1,0.751133376,0.562671755,0.940455932,1.000933082,3323
9093_2023,int_2,2.401942378,2.156354348,2.643911004,1.000653682,2514
9093_2023,sigma_1,0.462338378,0.367553107,0.565101074,1.000011986,20772
9094_2023,cp_1,89.31169973,75.00249243,117.9898431,1.002171917,695
9094_2023,int_1,0.394154513,-0.136486278,0.778131024,1.00107465,1633
9094_2023,int_2,0.604608166,0.247330608,0.815434119,1.000988405,1715
9094_2023,sigma_1,0.366935517,0.289213625,0.444458386,1.000189932,19334
9095_2023,cp_1,91.49852595,91.0345188,91.99009866,1.000009242,28726
9095_2023,int_1,0.768109431,0.568672834,0.968925111,1.000084294,27570
9095_2023,int_2,2.37637158,2.223314927,2.530264854,0.999985065,28047
9095_2023,sigma_1,0.419396969,0.336370173,0.513879432,1.000030973,22538
9096_2023,cp_1,99.30038585,75.37899195,119.7373734,1.000586521,1675
9096_2023,int_1,0.525784553,0.182330475,0.800600681,1.002272776,2551
9096_2023,int_2,0.501733507,0.184690131,0.708556624,1.002097803,3108
9096_2023,sigma_1,0.240611296,0.192323913,0.292637134,1.000652852,21463
