id,year,name,mean,lower,upper,Rhat,n.eff
NA,NA,NA,NA,NA,NA,NA,NA
4255_2022,cp_1,94.58350226673599,94.00001145140808,95.43473240932957,1.0007919816526747,16557
4255_2022,int_1,1.0243750206285767,0.9156879100414784,1.1317628750029114,1.000010869890863,27190
4255_2022,int_2,2.7931712778315916,2.6695759407516855,2.9113261815121714,1.0000480396523412,28372
4255_2022,sigma_1,0.4333020213840712,0.3781903696509098,0.49198291044466474,1.0000622662066774,24638
4255_2023,cp_1,42.60230479447959,42.00021938500473,43.92276081991061,1.00098219007442,11882
4255_2023,cp_2,81.32355529797879,80.00049174275372,82.58938616444411,1.0216325030755329,497
4255_2023,cp_3,105.42764743887471,104.68140201787324,105.99999257275881,1.000174087006876,17073
4255_2023,int_1,0.276356807836046,0.11399124864616049,0.4433781336767887,0.9999941644387894,23233
4255_2023,int_2,1.0210581490540378,0.9337525742712167,1.112905116209942,1.0000859074667687,26273
4255_2023,int_3,0.4713324694142069,0.3611262182090889,0.5854399492900016,1.0002085311793047,10752
4255_2023,int_4,1.847957996232164,1.7428671905418383,1.949577412333936,1.000272827818661,26986
4255_2023,sigma_1,0.27136781022162765,0.23239155398988517,0.3127030596320918,1.000167479011718,18643
4419_2022,cp_1,82.50012622457449,82.0253536515506,82.9744682867829,0.9999712968146285,32535
4419_2022,cp_2,83.49472211243393,83.00601163356862,83.95377247562367,0.9999753984840206,31656
4419_2022,int_1,0.7401585578008231,0.6632163632558841,0.8157914897733328,1.0002710504755603,26850
4419_2022,int_2,2.625073564355551,2.0838730755781385,3.1624169579102754,1.00007396353828,27517
4419_2022,int_3,4.4272980790312175,4.336638602645621,4.514676083080226,1.0000790824494243,27542
4419_2022,sigma_1,0.27483124887943794,0.23523815290762515,0.31755454289388296,1.0001292673983428,24668
4603_2023,cp_1,102.47953763448788,102.0272706800377,102.99494742386815,1.0009577579933613,17544
4603_2023,int_1,0.4894996101836556,0.3839207926488458,0.5933327390435714,0.9999865737254741,27262
4603_2023,int_2,1.820277596834154,1.679950246536161,1.9601473952918345,1.00005157982198,27735
4603_2023,sigma_1,0.44474274814464365,0.3860948345237265,0.5077978590549601,1.0001942370974994,24688
4613_2023,cp_1,48.48728953192304,48.01913942807134,48.981396550471615,1.0025264683848212,18595
4613_2023,cp_2,53.472666771790614,53.01028776604009,53.984895745147625,1.000009784203241,21648
4613_2023,int_1,0.17705057930757095,0.10153212919781944,0.25223949537170415,1.0001124821508922,28362
4613_2023,int_2,0.9059016476447745,0.7617533342649662,1.04689969277091,1.0004652016975708,24389
4613_2023,int_3,0.32282014949380944,0.284997560244614,0.3614324597651964,1.0000631423448632,26800
4613_2023,sigma_1,0.15839965895507535,0.13535802096069327,0.18368335389183488,1.0002123992968077,23425
4660_2022,cp_1,91.14485925641317,90.06408027032238,91.99996689321293,0.9999656286301379,21302
4660_2022,cp_2,108.63217422000552,107.00033178028721,111.72019725066066,1.001998408096303,8085
4660_2022,int_1,1.6024891793740519,1.4776208620503635,1.7283617485609286,1.0000675511498636,27318
4660_2022,int_2,2.546023422969681,2.3960012778971205,2.6947599150993176,1.0001297453678633,19915
4660_2022,int_3,2.003435416120908,1.9045973526526003,2.0959778552482917,1.0002655000886023,24040
4660_2022,sigma_1,0.29651525441089455,0.2505996261581913,0.3471842907355087,1.0002069408008485,20407
4660_2023,cp_1,80.49998537607111,80.02980982888795,80.97887926276465,0.9999868082035731,34880
4660_2023,cp_2,99.02538207891799,98.00240445609444,99.99809360327906,1.000322335039222,11542
4660_2023,cp_3,101.49296342701497,101.00329561048117,101.95242290844696,1.0000749250769707,33181
4660_2023,int_1,0.340537376779687,0.20071866943109754,0.47849819637147245,0.9999756821002349,29196
4660_2023,int_2,2.5621049983591875,2.44044326940694,2.6778033746642502,1.0000867503026345,30254
4660_2023,int_3,1.6807459945075183,1.288309538821397,2.0482739639930307,1.0001344814497415,11414
4660_2023,int_4,0.455294401411186,0.3669542147711165,0.5429398516917724,1.0001778566091075,28379
4660_2023,sigma_1,0.25402974772522985,0.20871263068730278,0.2992798727860483,1.000082492438101,21408
4662_2022,cp_1,91.60668676097684,91.00001181521925,92.56343334498725,1.0002109052449049,15436
4662_2022,cp_2,102.9579499355484,101.89383284324093,103.99998095107024,1.0003899653873438,19162
4662_2022,cp_3,116.07022393086214,115.10872192695695,116.9950859268117,1.0000093580644294,19846
4662_2022,int_1,0.3908339701086605,0.3199684906753006,0.4613518765608727,1.0000159355027016,25608
4662_2022,int_2,1.3214775704752466,1.219993350885736,1.4268600565729594,1.0000256137257082,22372
4662_2022,int_3,0.9319743929325431,0.8333286203429949,1.0288941459650536,1.0001625409653536,20942
4662_2022,int_4,1.6441051449622175,1.5816739415331833,1.7055486478124742,1.000105852414493,24575
4662_2022,sigma_1,0.16891562340825914,0.14265126723736307,0.19813905726871114,1.0001202376900693,21664
4698_2022,cp_1,104.06499138678599,103.00012529037984,105.97383344666284,1.0322410572230822,302
4698_2022,int_1,0.6198738290201332,0.5321356891614224,0.7081215527375953,1.0002911428831418,8176
4698_2022,int_2,1.5578851310664639,1.4132116770068728,1.7059738377153113,1.0008913690052388,3911
4698_2022,sigma_1,0.34661228891298734,0.296201158387328,0.400656581702257,1.0007195375246138,23290
8168_2022,cp_1,44.50109782316815,36.86125594090776,49.37815824035903,1.0009955072725716,2776
8168_2022,cp_2,66.5048926178359,66.00046758852507,66.95465350028664,1.0001002810076105,26888
8168_2022,cp_3,93.21671326148113,92.17376914564478,93.99971353913689,0.9999948665921619,19869
8168_2022,int_1,0.3421355560023399,-0.03488824011837799,0.6443646517932224,1.000656243561524,4447
8168_2022,int_2,0.9459415734107273,0.7589309151982409,1.1281215601364174,1.0005172216817102,6709
8168_2022,int_3,2.7108913031358175,2.570560692787273,2.852242835281656,0.9999970112464128,27924
8168_2022,int_4,1.7315382940289588,1.6308063848318413,1.8337799518205282,1.0000675645672523,27696
8168_2022,sigma_1,0.3705521959763766,0.32100872991474794,0.42256272327016153,1.00021198579278,19961
8168_2023,cp_1,66.52605395339289,66.01662082302347,66.99482066164455,1.0005385905189692,20822
8168_2023,int_1,0.509184442415455,0.3588005190302215,0.6619708419255255,1.0001824861688582,26876
8168_2023,int_2,3.2572294539750204,3.1609168193998496,3.3548551987557653,1.0001176601920585,27492
8168_2023,sigma_1,0.4493274294955779,0.39292878370807616,0.5096684407665425,1.0002012524558672,25302
8169_2022,cp_1,66.501729115980865,66.0022911708346,66.95595395587377,0.999998040052347,30530
8169_2022,cp_2,93.25973789851375,92.20583774658314,93.99995118359706,1.0002289350449467,17516
8169_2022,cp_3,100.50064367298577,100.00691836506824,100.95689721302483,1.0000284243562247,31598
8169_2022,int_1,0.6012960843286663,0.4768277635532914,0.7234314744358308,1.0001467443117185,27762
8169_2022,int_2,2.411748223063296,2.2720019342241913,2.54862564791433,1.0000867271103162,28186
8169_2022,int_3,1.3867997770122926,1.109878789330002,1.6642986607176042,0.999993320301341,21802
8169_2022,int_4,3.5169758230384285,3.373247593320966,3.6593821386786956,1.000040292331829,27869
8169_2022,sigma_1,0.36251556067713836,0.3092613080867594,0.41841338000560024,1.0000662853907967,23731
8173_2022,cp_1,76.63929422426594,74.05283653718452,77.99989541256288,1.0023294440134567,452
8173_2022,cp_2,114.82067011120336,111.01628553575966,117.88208424582658,1.0148853034074126,1611
8173_2022,cp_3,124.39185135992086,123.45207399569564,124.99996687556879,1.0001242227989502,15513
8173_2022,int_1,0.596152871121186,0.4110029545748485,0.7551440212091042,1.0006101750173393,1142
8173_2022,int_2,1.2969698300012966,1.225172802446617,1.369444542978865,1.0008984509152206,2624
8173_2022,int_3,1.7022784410196812,1.5493428053998255,1.850197099518319,1.0009626354907628,6903
8173_2022,int_4,0.8818737461809218,0.8022595553199604,0.958868280109805,1.000124436834461,25338
8173_2022,sigma_1,0.20049077423375844,0.16905633271756426,0.2342012582958159,1.0003678972796093,16451
8174_2023,cp_1,101.58661883562989,101.00005189679467,102.43693495570044,1.0000392093261234,15277
8174_2023,cp_2,107.21885941120212,105.80598305001452,107.99995589578586,1.0094558968662621,2388
8174_2023,int_1,0.38419506932283437,0.2335694223171804,0.5334854924123668,1.0000722831584072,26682
8174_2023,int_2,2.8197460534679952,2.423598715829005,3.2261041495753546,1.0002179769505675,15016
8174_2023,int_3,1.957350055861978,1.7864488337318531,2.1337651250249587,1.0001108330287531,24427
8174_2023,sigma_1,0.44024657353015495,0.3639294599793936,0.5205137796565938,1.0002458597047292,19926
8175_2023,cp_1,130.836931942754,130.0035567801355,131.98808641730054,1.0000691026251833,20109
8175_2023,int_1,0.3783697345898795,0.3391955998625723,0.4211975954984549,1.0000496061328783,26197
8175_2023,int_2,1.1700999334960207,1.0963972558276647,1.2449536648925998,1.0003064921843272,24122
8175_2023,sigma_1,0.16464760689920618,0.14046643318492752,0.1907822207489095,0.9999804179160467,24882
8176_2022,cp_1,77.48196636019225,77.00007278630999,78.94696717356092,1.0042759659857416,937
8176_2022,cp_2,93.70238104386988,93.00005776872133,94.93851313279622,1.0166848554983745,3580
8176_2022,int_1,0.6838020060963149,0.5716829477938484,0.7967864928299369,1.0012084167266249,4901
8176_2022,int_2,1.1120555377804089,1.022146855363414,1.1991175495810924,1.0001741591405497,7740
8176_2022,int_3,0.6649148217741706,0.6101687732897085,0.7184300707568685,1.0002005002918029,24865
8176_2022,sigma_1,0.16668407436027613,0.1365394615083979,0.19735266857623543,1.0005213790558671,15359
8176_2023,cp_1,94.50550161616067,94.04885307321118,94.99564774894968,1.0001008122555366,31017
8176_2023,cp_2,97.12254935064168,96.00059031104676,98.78903672066659,1.0001515124491407,5303
8176_2023,int_1,0.3155363311677182,0.24720732248144942,0.3846092582596192,1.0000040033147863,27733
8176_2023,int_2,1.2859772621635572,0.9822136864977262,1.590646923430155,1.0002028315986955,6714
8176_2023,int_3,0.518970761090257,0.42606183869613085,0.612024011401661,1.0001747781813861,16126
8176_2023,sigma_1,0.18402959972124103,0.14718948465042725,0.2239936524892666,0.999983978651762,21044
8177_2022,cp_1,68.81974142939876,67.41415499707699,69.99995490810194,1.0017715607284696,3836
8177_2022,cp_2,84.63056444815273,83.16972845917134,86.0023836484411,1.0012281454118994,7858
8177_2022,cp_3,127.38680027116602,126.16311108197183,127.9999807555734,1.0052148060288124,5549
8177_2022,int_1,0.39628473672809383,0.2539877222153849,0.5439572516812264,1.0002801801316492,20347
8177_2022,int_2,1.0233160512766943,0.8847494763738216,1.1627092411472355,1.0000617868788368,15550
8177_2022,int_3,1.4571057383210666,1.3793834483515668,1.53633583349386,1.0000648034519948,25319
8177_2022,int_4,0.8041937668387773,0.6983813855857737,0.9138062019229947,0.9999704801806818,23574
8177_2022,sigma_1,0.26027275314137216,0.22286828707032533,0.30110595189764966,1.0001297525649497,17649
8180_2023,cp_1,63.479762060036144,55.60095909103239,70.42599937584788,1.0166138608507753,340
8180_2023,cp_2,80.40866581083813,67.0088662529455,103.46506581403482,1.0233620465535087,184
8180_2023,int_1,0.5236003319444992,0.1149583072108693,0.8804135854354049,1.0058565911711985,1051
8180_2023,int_2,0.9602406764411625,0.3198654805474,1.4873614303952418,1.0084574691418846,369
8180_2023,int_3,1.4067290930195755,1.2201084216530076,1.6634182767560537,1.0135733616073717,476
8180_2023,sigma_1,0.3543225138854407,0.28732871923609143,0.42851256860607995,1.0002532013592225,15382
8181_2023,cp_1,95.6592111029548,90.86851471434674,97.9768399509615,1.0019516325790108,992
8181_2023,int_1,0.47783120343322716,0.3713438052807305,0.5855968498239541,1.0002562108023998,9148
8181_2023,int_2,1.4137623987679957,1.270616197336517,1.5540046634817644,1.000266412181995,6497
8181_2023,sigma_1,0.32853801723552023,0.2715158316485139,0.3887472246833002,1.0002666482089502,20446
8183_2023,cp_1,65.951372985271007,65.00027332367598,66.90015253569887,1.0059790471219547,12152
8183_2023,cp_2,69.58281145681258,69.00003688382297,70.43885861047411,1.0003921231118205,12699
8183_2023,cp_3,111.01713847332617,109.24397338232967,111.9999328146338,1.000628182120658,3968
8183_2023,int_1,0.587662183662323,0.4568709696157235,0.71917299371930965,1.0000385961790912,22831
8183_2023,int_2,1.3410741466295957,1.083513534915921,1.605402333361854,1.0004647620078169,14086
8183_2023,int_3,0.6545442326006903,0.5866025268405458,0.721521952447829,1.0000105815571618,22436
8183_2023,int_4,1.4162489474840967,1.3429737662105798,1.4880668530248171,1.0000661188615627,19196
8183_2023,sigma_1,0.21668854123834935,0.18455687987786598,0.2505148813526094,1.0001571977416004,19932
8184_2023,cp_1,58.5012435056863,58.023370011378205,58.970938777505765,1.0001341018971186,31785
8184_2023,cp_2,65.50156767473078,65.0215652201162,65.96961973391656,1.0000065366645465,31553
8184_2023,cp_3,67.49980472959255,67.04366198998206,67.99292887770223,1.0000684909996727,32077
8184_2023,int_1,0.6395640670569042,0.416499559069657,0.857249010969504,1.0000916945161542,27013
8184_2023,int_2,3.3626301043512052,3.199352379205272,3.529030177052867,1.0000167707578467,27492
8184_2023,int_3,4.984199623196802,4.672192065115658,5.291480237119936,1.0001642545710965,27802
8184_2023,int_4,3.1512964985692777,3.1039457946639253,3.1990881615174094,1.000088126476809,27871
8184_2023,sigma_1,0.22254468902668376,0.19108436996451136,0.25601403034372,1.0000249895710727,23908
8187_2023,cp_1,99.59759516595712,98.00444359959167,101.98694068982537,1.0286246935907535,545
8187_2023,int_1,0.8148767881812162,0.7605457722012435,0.8688947395905272,1.0004296043583774,24665
8187_2023,int_2,1.0846831855113015,1.0099801138713607,1.160247914097452,1.000517296746324,13158
8187_2023,sigma_1,0.17980580638012844,0.149651965844816,0.21108161837062409,1.0004691656675433,21410
8188_2022,cp_1,95.49995971886183,95.04028182582736,95.99379639667949,1.00025633374285,30800
8188_2022,int_1,0.767336148171024,0.6393890463734551,0.8976802847710903,1.0000521385440642,27522
8188_2022,int_2,2.099845147033524,2.0035024657994502,2.1950945314841412,1.0000838787002082,29137
8188_2022,sigma_1,0.3469794080510484,0.2920152688639,0.4022055690880009,1.0003724616012106,25139
8189_2022,cp_1,110.49992165853224,110.04358524762154,110.99441357582572,1.000015371426855,31719
8189_2022,int_1,0.8620993706880513,0.8022173485938661,0.9230475422299322,1.0000224279493861,25727
8189_2022,int_2,2.4320350800245722,2.3431970777408426,2.525832097935526,1.0002228418182375,27791
8189_2022,sigma_1,0.20211998882418555,0.1669391997395143,0.239733344799212,1.0005599551739983,24017
8191_2023,cp_1,104.08339843381614,102.39308375592732,108.427060466168,1.0434529686077716,310
8191_2023,int_1,0.3315061623176533,0.2616671588103818,0.40035556609382716,1.0011070241603404,10179
8191_2023,int_2,0.8129486138812666,0.7521218223857408,0.87365832439664,1.0004932891753422,20719
8191_2023,sigma_1,0.20814116612079894,0.1769715036702107,0.24130332322331033,1.000339559746586,17502
8202_2022,cp_1,44.97205811680362,43.42065630809324,45.99999672745535,1.008985713481608,4940
8202_2022,cp_2,85.49779558213244,85.03117880198967,85.98017331942428,1.000037966081339,34681
8202_2022,cp_3,117.4708836624687,112.40364616084369,121.99965643953777,1.003302545685818,1281
8202_2022,int_1,0.3015403362084377,0.15610500776121,0.4447456855407633,1.000299767659496,20847
8202_2022,int_2,0.7913930630370148,0.7085445193151412,0.8702099723965753,1.000049057549594,27571
8202_2022,int_3,3.2416068719804323,3.1389470966879913,3.345764573106144,1.000544333273188,9441
8202_2022,int_4,2.8509906061101966,2.7225547390286393,2.9816523986117947,1.0002073113031025,5467
8202_2022,sigma_1,0.25881106633862294,0.22309702473028073,0.29835033048081333,1.0000111489936188,18658
8203_2022,cp_1,45.18802911643506,42.99439676476358,46.313994218113585,1.038104706195673,3298
8203_2022,cp_2,83.68054906546529,81.48967225180363,86.99844761011197,1.0057140614366673,457
8203_2022,cp_3,100.73261564932596,93.0024041240429,119.85358267799607,1.0325617677259853,174
8203_2022,int_1,0.35739813731277387,0.23227519974748712,0.48253579041974265,1.0006935691260124,12498
8203_2022,int_2,0.7883627780104738,0.7094011611363957,0.86324229050976,1.0001671508207928,4124
8203_2022,int_3,1.4232201743943473,1.214050514363478,1.6506809780571314,1.013837929283979,276
8203_2022,int_4,1.0486570228324286,0.9084003552222691,1.159465298834234,1.0149963143562748,597
8203_2022,sigma_1,0.22520106842432433,0.1922115216028383,0.2608863245902245,1.0009081950279877,9718
8207_2022,cp_1,89.00230001917042,88.06390353291614,89.96120415622501,1.0000598176665279,34191
8207_2022,cp_2,90.81234869532601,90.00079859341508,91.84294540928448,1.000120736047797,3817
8207_2022,cp_3,102.48394583103637,101.01553726148215,103.8640233082817,1.0000240008326928,30946
8207_2022,int_1,0.5835173229307437,0.48503047747927985,0.6755767322728587,1.0000929451873026,27969
8207_2022,int_2,3.32090714171098,2.3611164106046925,4.204466486222838,1.000249503397506,3872
8207_2022,int_3,0.7981989837760403,0.5574561716003184,1.0328482798616871,1.0000298264828118,10953
8207_2022,int_4,5.381692969048104,5.276268089218664,5.487749034744544,1.0002269465122728,27963
8207_2022,sigma_1,0.36240915313782024,0.31589271513546163,0.4124634179540611,1.0000832946063858,24674
8208_2023,cp_1,51.87861771379123,35.044233507547034,75.10633742351563,1.0188561603532684,869
8208_2023,cp_2,78.93358212356203,57.22939784186407,107.27094408286216,1.0256238537000164,244
8208_2023,cp_3,105.27827292036362,99.0073868353599,115.24208621125841,1.0082199960111091,1693
8208_2023,int_1,0.22086355448673653,0.11326763739428199,0.3294247027193236,1.005745960040967,2061
8208_2023,int_2,0.3724580312917065,0.2677579240113367,0.5489149411476607,1.0242351008618444,478
8208_2023,int_3,0.47928986447330096,0.29156765103451676,0.6185357762951375,1.052154997723431,476
8208_2023,int_4,0.30000187184390675,0.18963081885062835,0.40364106382174575,1.0032537746689658,4142
8208_2023,sigma_1,0.1515671595187941,0.12817185458158278,0.17674700833462387,1.0004703015518184,9437
8209_2022,int_1,1.2642519482785375,1.1708075483923435,1.3567658766294937,1.0000280503610979,26852
8209_2022,sigma_1,0.48863133500785194,0.42473603925752473,0.5554779092199054,1.000038793618892,25498
8210_2022,cp_1,38.50353653257598,38.009700441981316,38.963532912436094,0.9999913384263796,30231
8210_2022,cp_2,109.82146580640189,108.00073471619032,112.97379899346225,1.0114523771686807,4283
8210_2022,cp_3,140.66327470223393,138.88546770772606,142.9988110076408,1.0001239421684527,23599
8210_2022,int_1,0.14522057799390478,-0.24145142518316343,0.5367590324972882,1.0000908405036812,26766
8210_2022,int_2,1.3759462517581131,1.30803421180547,1.4444627079632975,1.0000031007097347,30700
8210_2022,int_3,1.8504016076729703,1.7439662687202546,1.9538763590352366,0.9999944410999625,19782
8210_2022,int_4,1.3538084674730948,1.177513312732287,1.5322783037487313,1.0000917794311754,23187
8210_2022,sigma_1,0.28494723053791254,0.24753113917783875,0.3247349161671509,1.000220296397519,21112
8211_2022,cp_1,38.01841019618449,37.08291909875395,38.98179567622965,1.000551859641882,7059
8211_2022,cp_2,46.95594477289714,44.20369531819064,48.99997582564437,1.0144718787626357,3813
8211_2022,int_1,0.3715190892682963,-0.25475554622089736,0.9006552160953384,1.0004311767116578,7684
8211_2022,int_2,1.6942502453595212,1.486112177719444,1.9176953654068292,1.0545289465083647,7054
8211_2022,int_3,1.3241260321383712,1.2692538660736972,1.381328031984913,1.0000866078930146,22824
8211_2022,sigma_1,0.2766472186751906,0.24041153161561618,0.3150943427751484,1.0000073618126084,23551
8211_2023,cp_1,79.62283872328175,79.00002685263186,80.57690044810737,0.9999926239587459,16515
8211_2023,int_1,0.3950078298350879,0.31591279272808964,0.4714600780589835,1.0001089934095289,27440
8211_2023,int_2,1.2417888697060522,1.173159282535634,1.3110024948302437,1.0001370537334753,26967
8211_2023,sigma_1,0.25904324380536525,0.22254258746971442,0.2962060219169338,1.0003807560267648,24930
8217_2022,cp_1,54.13592552050179,53.06939408118918,55.000003985825074,1.0000090635226393,11138
8217_2022,cp_2,65.0054287721431,54.44417082307278,67.13208631772626,1.0039491692750946,3095
8217_2022,cp_3,108.29320316431918,97.99542555952715,116.53790356268281,1.002988299018964,3142
8217_2022,int_1,0.724103296690714,0.5296700968201784,0.9445487750697653,1.0000243334556882,20039
8217_2022,int_2,1.5636746304393552,1.3719785824736184,1.8104816955522343,1.0001034962848103,12813
8217_2022,int_3,1.9976855778683091,1.902299088015604,2.12692776840603,1.0000818010677666,12899
8217_2022,int_4,2.459551510940298,2.2707568070875546,2.6724509155614475,1.0003185026692594,8947
8217_2022,sigma_1,0.24759282706460434,0.20416311591223668,0.2961276183602303,1.000136738555781,11533
8220_2022,cp_1,54.49480626270756,54.03075569774118,54.99906519900797,1.0054616771684584,18942
8220_2022,cp_2,98.53383925365009,98.00352613901353,98.99281824140724,1.0001212203296848,22012
8220_2022,cp_3,115.43987001112069,114.95472018809745,115.9999624145539,1.0009587154342996,14455
8220_2022,int_1,0.6920964338825679,0.5037102318136809,0.879476088314283,1.0003308065744445,26645
8220_2022,int_2,1.9342921504044885,1.8480777642374409,2.0213133363804863,1.000076543740122,29854
8220_2022,int_3,2.7288897211994794,2.590571758128202,2.866611440074683,1.00022038578236,28083
8220_2022,int_4,3.6403711856451073,3.4554000968086425,3.8229077590940292,1.0000448048053474,23336
8220_2022,sigma_1,0.2877520822148563,0.24309479221864105,0.3375014758558126,1.0003007235986523,19786
8220_2023,cp_1,72.497599467693135,72.0268071153973,72.98026906899182,1.000209239721203,26887
8220_2023,cp_2,75.5009472031849,75.04246572419493,75.98972253572487,0.9999731493846783,31577
8220_2023,cp_3,76.49611674079947,76.02871576473383,76.97890197925504,1.0001095099437514,30751
8220_2023,int_1,0.7995987332956072,0.6271588963823791,0.9676003027330534,1.0000496496844913,27371
8220_2023,int_2,6.066549229018267,5.555941865559847,6.608950350489365,1.0001683626408346,21766
8220_2023,int_3,10.07174261817462,9.143065343564174,10.941537320361865,1.0000770044575948,28203
8220_2023,int_4,14.864473614959355,14.727163233595274,15.00251223334232,1.0000157963543834,27471
8220_2023,sigma_1,0.4556465245278472,0.384165886046706,0.5360018040936378,1.000140595184895,22858
8223_2023,cp_1,113.42025031509205,112.63145010385107,113.99989975618259,1.0002282959427424,16189
8223_2023,cp_2,131.4468340462523,130.91663147669078,131.99999717239288,1.0003419693091424,16680
8223_2023,int_1,0.882910502705321,0.724558362728888,1.0354473373138577,1.0001416403852867,26381
8223_2023,int_2,7.223372793470391,6.894922239943271,7.5548605907791435,1.0000577366208032,18769
8223_2023,int_3,1.1392761211983269,0.8413699321761955,1.4351438189721122,1.000002745667966,22925
8223_2023,sigma_1,0.6516994538798516,0.5640077082576528,0.745561189634131,0.9999823112920835,24328
8224_2022,cp_1,47.843561970384656,47.0000202554304,48.91065041375137,1.0002937964259788,11106
8224_2022,cp_2,54.48912755975236,54.031519002826244,54.99194907993091,1.000166639035235,25321
8224_2022,cp_3,65.82815239172372,65.00030090542685,66.98305013593465,1.0000665938639637,9945
8224_2022,int_1,0.19449388566153994,-0.10679545099229627,0.47667095004408433,1.0000767038134548,14486
8224_2022,int_2,0.8828071409596464,0.7254104369026284,1.0383873946536109,1.0003877983359648,20074
8224_2022,int_3,1.6459014445729059,1.5272227585924598,1.76112670686886,1.0001065131732827,24131
8224_2022,int_4,2.0284408498542623,1.976322447477735,2.0793461045619055,1.0002406481268578,27472
8224_2022,sigma_1,0.1945009170564351,0.16263352399994943,0.2287144725650888,1.0000859026236477,20159
8225_2023,cp_1,75.36334894422514,71.99851803725885,77.01284357556412,1.0006597909581092,9736
8225_2023,cp_2,92.93380390193376,87.12088925203278,94.99998438028905,1.01634638189441,402
8225_2023,int_1,0.4457020978409342,0.339018073866936,0.5538052690790292,1.0000884395586722,23307
8225_2023,int_2,1.2703343222322416,1.111379719875473,1.437535281452846,1.0014521132197296,3877
8225_2023,int_3,0.8253641020730655,0.7103845507029289,0.9391749208416464,1.0019155965108015,3917
8225_2023,sigma_1,0.29341153604802445,0.2463660677643384,0.34268388087010637,1.000388551548647,15270
8226_2022,cp_1,78.50039431847159,78.00664095378791,78.95770360678961,1.0004385599931416,30421
8226_2022,cp_2,128.1789887163763,127.10764347652761,128.99999199953402,1.0000166119516174,15314
8226_2022,cp_3,136.17253274571434,135.13897684272072,136.9999139306042,0.9999878324238178,16528
8226_2022,int_1,0.4250633199454776,0.34931897333829703,0.503680926362493,1.0000783149532604,27242
8226_2022,int_2,1.2431574709638673,1.1859746836978957,1.3004917819706516,1.0000272278378255,26786
8226_2022,int_3,0.5344844327379711,0.3772227604349087,0.6848429314773921,1.0001927736611211,16022
8226_2022,int_4,1.3335414188640506,1.2317332088678277,1.4414796120094642,1.0000384668712077,22720
8226_2022,sigma_1,0.19443564076444234,0.16632267029411507,0.2239056235412037,1.0000698369640937,23490
8260_2022,cp_1,113.54165758868585,112.83428737893718,114.99426619246158,1.0000492628106399,10880
8260_2022,cp_2,120.26678675570676,117.40122331223027,121.99977345978617,1.0007544733623965,3513
8260_2022,int_1,0.5882066015800805,0.474824620915413,0.7039982051640519,1.0000415617354077,26478
8260_2022,int_2,2.1780490045269563,1.6911232023464238,2.824292792412659,1.0011396127474694,3635
8260_2022,int_3,0.4735083854156138,0.3065189470761853,0.6363072952938068,1.0001034877320099,9395
8260_2022,sigma_1,0.4142300008429181,0.3527263687079183,0.47983576530908806,1.0003162419644571,22244
8260_2023,cp_1,83.50010005009504,83.01030460325003,83.95726026734596,1.0000687186222068,32481
8260_2023,cp_2,129.67466656713214,129.00010500213943,130.72808131039054,1.0001838263449656,17155
8260_2023,int_1,0.5140115479184596,0.3923850207016704,0.6322917132762966,1.000102750786633,27110
8260_2023,int_2,3.7770738901080407,3.691262172005984,3.8619070722312396,1.0001481685416154,26057
8260_2023,int_3,5.230250585767676,5.106466891388318,5.356995968897726,1.000282319912976,27305
8260_2023,sigma_1,0.2914752556459377,0.24892936654902653,0.33655893657503483,1.0002713540861912,23848
8261_2022,cp_1,66.45405606468067,65.8072325141437,66.99999167413536,1.0031066183095756,13317
8261_2022,cp_2,89.50997947859042,89.0310485159786,89.99084872153847,1.0005804617563334,20681
8261_2022,cp_3,108.84235665112043,95.86857018397446,113.05015752538328,1.0245083527744212,131
8261_2022,int_1,1.1046020531694456,0.8865102650313084,1.3276534198967762,1.001390525645186,20766
8261_2022,int_2,0.4547814082366054,0.35398880285554923,0.5562136019707574,1.000427840758844,25546
8261_2022,int_3,2.3460115843824116,2.16525988120917,2.5055038575374082,1.0143188083036332,382
8261_2022,int_4,2.778331845312473,2.638427884666015,2.9003062512438005,1.0047722808608677,595
8261_2022,sigma_1,0.24522380931582824,0.20306672207189408,0.29113909438493607,1.0004462619329337,12962
8263_2022,cp_1,108.2458197693083,107.00000744952405,110.74938564199165,1.0000469844666537,2961
8263_2022,cp_2,119.4140132370198,115.00030541211979,128.8879173122888,1.0110973865671293,1108
8263_2022,int_1,0.3877162063089893,0.34057360638106493,0.4361201184890294,1.0000104215591816,26015
8263_2022,int_2,0.7774181150457066,0.6400732906954503,0.9087349179837952,1.0591459260068221,2426
8263_2022,int_3,1.009122199185289,0.9476650988565702,1.0711843918729338,1.0005200824402274,6742
8263_2022,sigma_1,0.16025883913598696,0.13695015983980857,0.18609989559364506,0.9999746032873832,18022
8264_2022,cp_1,121.56753573897409,121.0000365345441,122.22405804535224,1.0007350912461925,15962
8264_2022,cp_2,130.4993852455694,130.02065858330835,130.96925503684653,1.0000669820026993,31699
8264_2022,int_1,0.8919797793620009,0.8127947613897217,0.9702323831575763,1.00002399685173,26798
8264_2022,int_2,3.1682209521317435,2.9583729989755736,3.377402530050504,1.0000502307195864,21006
8264_2022,int_3,0.46665651228186594,0.33370137889381424,0.6000714458023414,1.0001197040529093,27877
8264_2022,sigma_1,0.30251845846513337,0.2586834325985759,0.35071924286933476,1.0001194724734164,23035
8265_2022,cp_1,99.89710142982774,99.00003343121222,100.89884806266964,0.9999809730231389,20842
8265_2022,int_1,0.6655450131966949,0.5533951335718216,0.7740712465248736,1.0001703730824612,25039
8265_2022,int_2,2.2641310287317555,2.1336773180731874,2.3934919163926915,1.0006025741115674,24810
8265_2022,sigma_1,0.3364632455242284,0.2781128374700038,0.39858488339473513,1.0001753166748009,22183
8455_2022,cp_1,39.58164768121089,38.07068576809967,40.910397190846666,1.0236198016989733,7993
8455_2022,cp_2,77.98668934890432,77.00204650515965,78.94633233258372,1.0003329478864933,19752
8455_2022,cp_3,106.49658905625357,106.04367750696048,106.99352789547282,1.0001071967816604,31685
8455_2022,int_1,1.0163522987815572,0.8020163998389006,1.2225468373103832,1.0001857298065187,18041
8455_2022,int_2,0.44278172059347254,0.348779163171072,0.5364930844412532,1.0001173612537095,26048
8455_2022,int_3,1.4084253286494175,1.300668820963157,1.5165124849943117,1.000331705107324,26119
8455_2022,int_4,4.01716517702929,3.93179942619017,4.101089683135718,1.0000806643235658,27453
8455_2022,sigma_1,0.2891829285197684,0.2523886160614753,0.3287863567018863,1.0006056110175667,22438
8460_2022,cp_1,90.07397673705373,88.14147626668655,90.99982480835142,1.0063272577907645,1060
8460_2022,int_1,0.4062379969276721,0.34969696320277427,0.4642826018859512,1.0000846300920063,25932
8460_2022,int_2,0.948056972839032,0.8774531987917699,1.017733475410933,1.0006036207217812,13313
8460_2022,sigma_1,0.21619702473169655,0.18460439802273482,0.24834750294292218,1.0002942478624566,20889
8461_2022,cp_1,91.9947117109381,90.00146883487757,93.53981078242752,1.0004067692123841,17474
8461_2022,cp_2,111.68573721304521,111.00000372223116,112.82179394930694,1.0003470759867514,15908
8461_2022,int_1,0.8475932746072873,0.7300185467452223,0.965729709668111,1.0000836710044851,25229
8461_2022,int_2,2.654682603628797,2.4394148997973173,2.872818274314519,1.0001842085953874,19032
8461_2022,int_3,1.5604183774115568,1.420314815423034,1.698618940216287,1.000027367526365,27204
8461_2022,sigma_1,0.44575263296416856,0.38853066440645695,0.5053425851743818,0.9999903526271036,24425
8464_2023,cp_1,41.48928268322388,41.00679788256422,41.97001850535845,1.0000904008104223,25359
8464_2023,cp_2,64.85763419370682,60.96067834724223,70.9997202789244,1.044138577322012,734
8464_2023,cp_3,92.27876965059882,70.60593149267422,98.46318287469407,1.088359289321256,436
8464_2023,int_1,0.4099868034525081,0.2112702939487103,0.6164376749975433,1.0003512098714051,26934
8464_2023,int_2,1.6252430739727697,1.4807215725963452,1.7740201860136937,1.004252472001075,3428
8464_2023,int_3,1.0454068254322906,0.848927960554767,1.24521041350824,1.0850626438400646,1109
8464_2023,int_4,0.7208290348499019,0.6236941277571454,0.81681386426038,1.0148847457046841,2205
8464_2023,sigma_1,0.3132641783423949,0.271715973716281,0.35695175664122436,1.0004391286526713,12453
8472_2022,cp_1,119.49958229686749,119.00135834934134,119.94998403329777,1.0000961713085286,32353
8472_2022,cp_2,120.50226058591622,120.03872808810694,120.98753132911385,0.999974715922235,31910
8472_2022,cp_3,123.49628785940244,123.01184926143213,123.96113264753143,1.0000698075840737,31722
8472_2022,int_1,0.38345035880744627,0.33062532913943515,0.4376619553739136,1.0002817817314027,27502
8472_2022,int_2,2.3117360365646813,1.879735671841511,2.7378479564298344,0.9999992372755547,27771
8472_2022,int_3,4.346769420412544,4.096102800998556,4.59154611841973,1.0002255416485635,27756
8472_2022,int_4,0.9268123439510711,0.8444795487204002,1.0084883633917223,1.0000532361585504,27518
8472_2022,sigma_1,0.21884912972354356,0.1888355978469054,0.2517374341028714,1.0001442115356853,23439
8472_2023,cp_1,107.67556180951712,105.43030844915234,108.99957237709648,1.006111279153819,1768
8472_2023,cp_2,119.05411673286385,117.00003372148096,123.61166532961538,1.0006828811509945,1637
8472_2023,int_1,0.23422068613891714,0.20175590447928782,0.2651297231699146,1.000371835975287,22674
8472_2023,int_2,0.4193327203341515,0.33191690304356347,0.5009829016651517,1.000465831129821,5099
8472_2023,int_3,0.19141637892521834,0.14842899616934518,0.23346544483089585,1.0004458577473871,17147
8472_2023,sigma_1,0.11594036278639705,0.09958049350282162,0.13361542685071628,1.0000550924812008,16352
8473_2022,cp_1,118.5547638925767,117.73284129145289,119.9999995445429,1.000065787180633,19787
8473_2022,cp_2,138.20057783430585,137.0161215057116,138.99989526287723,0.9999962381992263,18819
8473_2022,int_1,0.5426420178698396,0.5004744743072926,0.5840658220055003,1.000217916491958,26484
8473_2022,int_2,1.0053228401857148,0.9302862833042755,1.0825253727625397,0.9999875381706842,24828
8473_2022,int_3,0.6579844456659935,0.5660907047436367,0.7514720921145146,0.9999777078246984,25111
8473_2022,sigma_1,0.16825008063581368,0.14473628628329205,0.1939348158138573,1.0001086673474777,21516
8473_2023,cp_1,96.54576647399364,96.00201128528101,96.99618252823497,1.0010425994981393,15261
8473_2023,cp_2,112.07878481116246,110.00782957214027,113.3080309932321,1.0003292462420852,12904
8473_2023,int_1,0.2476776087924517,0.21241568819055112,0.2835597305986078,0.9999887849870094,27715
8473_2023,int_2,0.6673007824322428,0.6065420964681022,0.728264400300494,1.000152482432335,22500
8473_2023,int_3,1.0485899934872138,0.9215209280428981,1.1788614143808667,1.0001464613259505,15149
8473_2023,sigma_1,0.11669849108655918,0.09584723999682751,0.13976895169472467,1.0001932350805882,19973
8479_2022,cp_1,93.50253757976203,93.0392357084611,93.98856985345326,1.000044610720429,31084
8479_2022,cp_2,96.48193745096694,96.0169210665208,96.98155730872675,1.0017929812950348,16419
8479_2022,cp_3,98.84770338799547,98.00025878669368,99.85227803087206,1.0002040483266732,8647
8479_2022,int_1,0.28969831390688305,0.17167910712364726,0.40924887770813656,1.0001052732940314,29319
8479_2022,int_2,3.7131511468392238,3.2978840521349024,4.118492542933188,1.0010657923096373,19126
8479_2022,int_3,5.709252034802228,5.11810407918438,6.317220722233532,1.0002601381832135,8001
8479_2022,int_4,3.621983812961017,3.5256839877298143,3.7200037837746316,1.0000853659060878,24641
8479_2022,sigma_1,0.3535113136504854,0.3027145565456032,0.4086387130231169,0.9999895346608333,22340
8483_2022,cp_1,65.22165991809662,64.17712405705407,65.9996322065817,1.0000610411094555,8701
8483_2022,cp_2,112.6414681458448,112.00005329908677,113.65609085892055,1.0001523326847748,15311
8483_2022,cp_3,120.48870477948563,120.02553086132659,120.99065516967521,1.0004077780003202,28991
8483_2022,int_1,0.17586799176759968,0.030116406775149145,0.3032645790515174,0.9999866459444744,9819
8483_2022,int_2,1.0749139022779783,1.039846416975649,1.1104329031209983,1.0000854592074204,23197
8483_2022,int_3,1.6530640147886153,1.5677921489188218,1.7410399729714223,0.9999998324820153,21449
8483_2022,int_4,1.0866425980867254,1.0248191964723528,1.1458337870610764,1.000062285098042,26846
8483_2022,sigma_1,0.11775803820519817,0.09870957640322045,0.1384458133425985,1.0006585041008578,21385
8501_2022,cp_1,102.35991142899134,101.00005725455104,103.15454191235311,1.0497415151234826,2135
8501_2022,cp_2,110.94468894235568,106.1565527989733,122.60031693847681,1.000289103226849,1596
8501_2022,int_1,0.7152623421560308,0.6345621984590222,0.7930630531869972,1.0001337653449314,23995
8501_2022,int_2,1.896267663584554,1.5818587914621258,2.2456248383290522,1.0053960782098597,1969
8501_2022,int_3,2.4476752260812478,2.3286517567563645,2.5724725916295625,1.0000448016324093,4554
8501_2022,sigma_1,0.29623719165437135,0.25321217250180905,0.34044196427965195,1.0002291852136331,21532
8576_2023,cp_1,34.382682609927464,33.30611054494439,34.99996042816356,1.0000701841347546,17090
8576_2023,int_1,0.6082582085607413,0.2505655432917366,0.9529146094764733,1.0000524101184127,15737
8576_2023,int_2,1.626592358492369,1.5755630438292634,1.6777632188893528,1.0001414898981187,29770
8576_2023,sigma_1,0.28213069998146345,0.2467016001130873,0.318792712936773,1.000139009880071,24537
8577_2023,cp_1,36.501581182112126,36.00765915647187,36.95748952859816,0.99998928926815,31407
8577_2023,cp_2,101.52359294112172,98.10637970077326,104.00016768371307,1.002239102226796,1265
8577_2023,cp_3,130.33679359775383,129.25719325719112,130.99999912144608,1.0004081162764435,17274
8577_2023,int_1,1.3496186610708414,1.226647124512677,1.4679747018540334,1.00020183611603,28765
8577_2023,int_2,1.9935589826410516,1.959839151639574,2.027967760732209,1.0003206114993608,19295
8577_2023,int_3,1.7200585118827794,1.667060695369446,1.775160837248449,1.0004527921160318,8806
8577_2023,int_4,2.0974393769874915,2.038494951836317,2.1574494180225856,1.0000908330137217,25562
8577_2023,sigma_1,0.13665079378360442,0.1193532113952763,0.15531461635526428,1.0001636788155766,23736
8579_2023,cp_1,34.48115272540496,34.000560511112475,34.997558753064226,1.0009457198655156,19356
8579_2023,cp_2,94.50015681797443,94.04113715052208,94.9911475581963,1.0000675123643754,36913
8579_2023,cp_3,130.45799595287005,129.0150682383584,131.62329166983426,1.0005396820098151,11958
8579_2023,int_1,0.7057746450915687,0.3443424164368151,1.0746607964652295,1.0000657685571503,24231
8579_2023,int_2,1.9538578366426096,1.8757409172428283,2.0324206276478276,1.0001748790712806,30386
8579_2023,int_3,5.099528649334261,4.995907354715945,5.2019916580801695,1.000070545572536,26795
8579_2023,int_4,3.9020532474389644,3.756879850808551,4.046110412787905,0.9999898261479964,23924
8579_2023,sigma_1,0.3095834060415945,0.27015406963355676,0.3519310533053268,1.0000538363817608,23673
8581_2023,cp_1,60.4159528480516,56.18035029296504,63.42956727345233,1.0096876577861518,2676
8581_2023,cp_2,86.07063554718971,85.00008464501607,87.63383779580623,1.0003768973041598,13779
8581_2023,int_1,0.5846474601189169,0.2219330818093062,0.9185185319009106,1.0014713485791036,5230
8581_2023,int_2,1.3991741341142676,1.2492262942927426,1.5399586249723607,1.001105254006002,8647
8581_2023,int_3,2.8777144347619683,2.782660458397317,2.9739340675510326,1.0001794409745557,24654
8581_2023,sigma_1,0.31389069587585366,0.26290974714919546,0.3667659099982016,1.000121587034917,20806
8586_2023,cp_1,94.510320074434,93.13294394882293,95.98151287912859,0.9999847091448779,31562
8586_2023,cp_2,102.55525431544275,102.00000330323849,103.15265924927878,1.000082483004542,12390
8586_2023,int_1,0.9895162079943107,0.8086170808809621,1.1657221289916222,1.0000386363643945,28162
8586_2023,int_2,10.210810773932515,9.793977997887499,10.644041496210665,1.000203965315594,14970
8586_2023,int_3,16.184658754042726,16.038388280297045,16.330107528441495,1.0002297632172525,24305
8586_2023,sigma_1,0.5104537578353505,0.43608547125738495,0.5917283517769844,1.0003910500892306,22683
8601_2023,cp_1,70.17642373679126,59.02565748243355,83.60145040365326,1.0014936906761625,6997
8601_2023,cp_2,110.5479940374389,110.0000167582722,111.34805917943,1.0004329312661262,18503
8601_2023,cp_3,119.88683101933654,117.00003359801102,126.14441080422611,1.0160325209372807,23
8601_2023,int_1,0.5516812132898686,0.4238780473270749,0.681369533286884,1.0000016499616733,12037
8601_2023,int_2,0.28860979128349457,0.19168156255248933,0.38456870232615076,1.0028272104034952,14750
8601_2023,int_3,1.2217860533480656,0.9070590794277578,1.5035770757187852,1.0073558178016462,70
8601_2023,int_4,0.4301616987285104,0.2970379498263971,0.552438604298447,1.0056406016601243,206
8601_2023,sigma_1,0.28357497379403607,0.2455594578440505,0.3246349225408271,1.0002709805841832,19685
8602_2023,cp_1,42.45051400275851,41.14386768473437,43.000217458977325,1.0011964253445478,12312
8602_2023,cp_2,90.56650807999733,89.86242760914391,91.99991946554064,1.0090160229027703,11923
8602_2023,cp_3,103.22970879566833,102.16456002461973,103.9999799978235,1.0000668309383798,16852
8602_2023,int_1,0.3954188989273592,-0.054047178545770666,0.8333178322437683,0.9999658483056796,16326
8602_2023,int_2,1.4199896957264937,1.340466981356213,1.5011776158272632,1.0002302207455598,26130
8602_2023,int_3,2.0792756961154337,1.9206286341365275,2.2348110768166283,1.0002568672341745,20930
8602_2023,int_4,2.8209135214771366,2.740627849816298,2.9022977172385547,0.9999819936966887,26887
8602_2023,sigma_1,0.27708199641197406,0.23983057325339277,0.3181624609186115,1.0001890992359501,20475
8603_2023,cp_1,42.5009671454854,42.04324158180538,42.993480581907505,0.9999846421435082,31462
8603_2023,cp_2,67.5068959061819,66.00524296191197,68.08931146523001,1.0058901466005357,1924
8603_2023,int_1,0.1089865122603662,-0.032789927575571795,0.24461272764036737,1.0001009690530285,26855
8603_2023,int_2,1.2218751136560646,1.178951713160987,1.2632625214204405,1.0001995939690231,18975
8603_2023,int_3,0.8786368640174933,0.857204159099328,0.9011909535659502,1.0000848963625648,26680
8603_2023,sigma_1,0.10026527397404522,0.08668159561448792,0.11438140589066283,1.000047256889499,24042
8604_2023,cp_1,45.51870111200523,45.02598514089119,45.98822941079142,1.0000133918153464,22846
8604_2023,cp_2,80.93039056593493,76.45753994671861,83.00032980667845,1.0003851485191118,5998
8604_2023,cp_3,131.78508636638009,131.0000702394533,132.8568619139519,1.0001230219632253,17441
8604_2023,int_1,0.11737721433472013,-0.058270909671894265,0.29493454990130286,1.00000446873722,24475
8604_2023,int_2,1.3819178404465902,1.3138178788431538,1.4530476575400968,1.0001010894881592,23993
8604_2023,int_3,1.0717176405278415,1.0139596124014911,1.1287720065779867,1.0000518008171408,19456
8604_2023,int_4,2.1764483361152798,2.0843781528230645,2.269244837008655,1.0000519885355392,24600
8604_2023,sigma_1,0.1998872475631613,0.17309479311422846,0.22834347995720475,0.9999668436211362,21385
8605_2023,cp_1,42.179490438613755,41.15287078708063,42.99996453553401,1.0001919038893345,6813
8605_2023,cp_2,81.93176457500131,81.00001234150008,83.40196822122748,1.0591250065308955,6597
8605_2023,cp_3,101.40739622070156,97.61837016679176,104.99730775515393,1.026926732680186,4323
8605_2023,int_1,0.3775808655868754,-0.1051450166809475,0.7629371804411222,1.0002556477445035,6908
8605_2023,int_2,1.392794310791287,1.3235339140371558,1.461902691828655,1.0000265983008316,22141
8605_2023,int_3,0.9098132495828886,0.8102717748848893,1.009733421780722,1.032878409920904,8898
8605_2023,int_4,1.1443676848744329,1.075972044881293,1.2108142843297598,1.0007857439823402,14374
8605_2023,sigma_1,0.20823875253977728,0.17832298604141833,0.23873519415213865,1.000521477349177,17412
8625_2023,cp_1,90.49920685556454,90.0370762892762,90.98700851929853,1.0001946584439716,31431
8625_2023,cp_2,94.50191148230483,94.04344376162246,94.9914973022467,1.0001203330977517,31740
8625_2023,int_1,0.7745610817730545,0.7005157806513582,0.8491642775900641,1.0002070054330157,27354
8625_2023,int_2,2.030786920106054,1.8482307619787832,2.2077695501216437,1.000145435142091,26676
8625_2023,int_3,0.7657601847334747,0.7181659022329172,0.8117814808082969,0.9999939498717415,27545
8625_2023,sigma_1,0.18089554624542684,0.15377951347718058,0.2101405273270181,1.0000925674632504,24438
8627_2023,cp_1,82.23855437759615,79.20558197886763,83.99983182932107,1.002731681503866,10271
8627_2023,cp_2,94.36633592564239,91.98010329917767,106.01692076009179,1.0119827072889847,46
8627_2023,int_1,0.8991367324831067,0.7170762984045939,1.0775004735812432,1.0004865118359414,27392
8627_2023,int_2,1.9377638096316514,1.4960923646578392,2.448426819574173,1.0015979996229336,557
8627_2023,int_3,3.0706615364342076,2.79687478904118,3.3347450984944804,1.0018037536269062,586
8627_2023,sigma_1,0.5929028619136507,0.4994256817153082,0.6933466142203997,1.0000522974461303,16342
8630_2023,cp_1,74.42970771870287,72.04581440372547,76.89916582964847,1.0146682319454423,2306
8630_2023,cp_2,104.01840971164363,103.07391701741685,104.99515110992552,1.0002775904345456,23112
8630_2023,cp_3,118.49790785609913,118.01189168205009,118.96010998533987,0.9999651338146927,31298
8630_2023,int_1,0.43334121262728553,0.10315071337068309,0.7645824721606403,1.0011633081043685,5494
8630_2023,int_2,1.9640426945938594,1.7827076793030345,2.1397009426762907,1.0007398056672623,10748
8630_2023,int_3,0.8731953904739194,0.6380095042426178,1.0985529630363855,1.0005452938322006,26881
8630_2023,int_4,5.797239945990814,5.6276044147003885,5.968664763662289,0.9999837351759273,27356
8630_2023,sigma_1,0.43844750625736423,0.36921178371237334,0.5144580373996521,1.000538943843302,19297
8651_2023,cp_1,64.39345395856584,63.47249953272316,64.9999787154754,1.0000182298095195,12649
8651_2023,cp_2,84.17401213786947,82.22749611240924,85.99890869355562,1.0000180197586441,11928
8651_2023,cp_3,104.61130259982683,102.00011728973531,107.091035792578,1.0029029149891262,2562
8651_2023,int_1,0.8695199070410025,0.29802472505473987,1.4303020434641038,1.0001875225113375,15815
8651_2023,int_2,3.017697558616205,2.8090536932715184,3.227037520551457,1.00006423208493,19911
8651_2023,int_3,1.6965694854688063,1.4638861324404895,1.9228499013504101,1.0005358615253555,8950
8651_2023,int_4,0.6589737416230506,0.5225390482652981,0.7933745778705522,1.0001542670646282,16671
8651_2023,sigma_1,0.442896895788751,0.37612461642289474,0.5146446593297154,1.0001760506356783,19054
8659_2023,cp_1,80.50528353798981,79.7827031537272,81.24188623732013,1.0002194053637297,17318
8659_2023,cp_2,111.22854009375307,110.17086435978734,111.99987849166908,1.0000266266053066,18524
8659_2023,int_1,0.2760303776453465,0.17334695749893875,0.3824134968252343,1.0002547653716118,25016
8659_2023,int_2,1.1235439786194061,1.058248205597105,1.1880124147671922,1.000093382074371,25408
8659_2023,int_3,1.9599402234114855,1.902554807185866,2.0179451965829527,1.000279441596854,25621
8659_2023,sigma_1,0.18064472217510827,0.15240866666509195,0.20997302752434147,1.0000416118636544,22074
8661_2023,cp_1,72.49991090285964,72.03400711578891,72.98641131207289,1.000184828897937,29426
8661_2023,cp_2,74.60481629355667,74.00004122616348,75.51507529506333,1.0003521252768393,12861
8661_2023,int_1,0.10131329839478556,-0.008957069625881933,0.21481820099488128,1.0000160494404857,27673
8661_2023,int_2,0.7283850559016115,0.5553279199974193,0.915896282882458,1.0000993372968519,12997
8661_2023,int_3,1.4324768642118795,1.4066487857285976,1.4583206180808188,1.0002328546553538,25776
8661_2023,sigma_1,0.11370086153635375,0.09679144602661356,0.13189382393349758,1.0000015627540786,23977
8666_2023,cp_1,96.9415056091903,95.51956957947031,97.99990601826909,1.000149620828257,22451
8666_2023,cp_2,130.72758632320327,128.99926240635955,132.62650924380029,1.0003830399808404,20293
8666_2023,int_1,1.3688515210023364,1.210346868699953,1.5318601250804262,1.0001260129625755,26756
8666_2023,int_2,3.036637015647334,2.888167067213171,3.186573056030887,1.0000149743908608,25156
8666_2023,int_3,3.9236243021347432,3.730598329630455,4.117455429085538,1.0000251438161856,24491
8666_2023,sigma_1,0.4261885235343524,0.3602524855164268,0.4946486084366679,1.0000736415894889,21782
8667_2023,cp_1,73.60461967007478,69.32969127550656,76.99602828786546,1.007791960744451,171
8667_2023,cp_2,100.48665777525748,100.01827631357168,100.98916738682905,1.0000364316086994,22658
8667_2023,cp_3,130.14384978974704,129.1355482754837,130.9964942759033,1.0000833558319044,18736
8667_2023,int_1,0.6157818330386184,0.005597469517146983,1.0560615156179403,1.0054036185670523,194
8667_2023,int_2,1.3914056842551208,1.2686627935188295,1.5185807188307363,1.0017663971714605,802
8667_2023,int_3,2.9383694889717207,2.833605543228424,3.0433140571175317,1.0000593448063293,24719
8667_2023,int_4,4.207052406923912,4.081364538286196,4.326275359791704,0.9999956973406489,25123
8667_2023,sigma_1,0.28345014679613767,0.23963003461422455,0.33153657878831805,1.000157996419017,20440
8670_2023,cp_1,69.51347508036964,69.0298501891195,69.9979756233503,1.000321958765663,21242
8670_2023,cp_2,71.57885277435145,70.99873179760432,72.84035545200243,1.0031032673412255,8174
8670_2023,cp_3,115.3169316036932,106.99838521932315,121.01845714928636,1.0001354224703192,10281
8670_2023,int_1,1.034884404357842,0.7748137747069082,1.2925028832494625,1.00010045880161,26958
8670_2023,int_2,2.713668457002324,2.130494787249524,3.321545742590774,1.001116884599251,11875
8670_2023,int_3,4.237590148893217,4.090142278260538,4.378321830363586,1.0002405236712026,15787
8670_2023,int_4,4.842356169940649,4.706019236572217,4.9820675506461685,1.0000985808506564,15688
8670_2023,sigma_1,0.36950035238214773,0.3108222132217278,0.4309594469218691,1.000030562079021,19876
8672_2023,cp_1,76.49169582916277,76.02324224976238,76.98049997168401,1.0000569061072526,26298
8672_2023,cp_2,105.20568507981926,100.03241208891207,110.38709206760375,0.9999741697728268,27687
8672_2023,int_1,0.8104920454854604,0.7108979953866115,0.9104866000897409,1.0001345102600667,27302
8672_2023,int_2,2.341381616339631,2.248865208034542,2.431997442989199,1.0001565188469699,26290
8672_2023,int_3,4.140260603353781,4.070656520722276,4.213357412256569,1.0000105007788358,27744
8672_2023,sigma_1,0.19487316784062717,0.16080077146812746,0.23183845513187867,1.0000276568384845,21745
8674_2023,cp_1,53.11254351708865,48.469533810335015,57.94096866754119,1.000051467818466,30421
8674_2023,cp_2,81.12501909876772,80.06346603277298,81.99997633358069,1.0001184771155303,18441
8674_2023,int_1,0.6028591627870855,0.26806073977495665,0.9360414600519569,1.0000943077392388,27350
8674_2023,int_2,2.8409012627094157,2.700676915534866,2.97854170326372,1.000044576349261,27110
8674_2023,int_3,3.8551894452156485,3.7671830267042896,3.9456657316823645,1.0000457966201866,27235
8674_2023,sigma_1,0.34070066331723303,0.2897255025081904,0.39569521260363894,1.0001841802336466,23770
8751_2023,cp_1,53.49624431473687,53.026542821993964,53.97572317329016,1.0000439136255659,32070
8751_2023,cp_2,54.49971429433182,54.038833970876844,54.987372801962955,1.0002797217113257,31629
8751_2023,cp_3,98.66558357018975,95.09540214590575,102.13061302105977,1.0004381306235295,7240
8751_2023,int_1,0.516180562181179,0.43595449927152274,0.5985024635235467,1.0001860041579114,28005
8751_2023,int_2,2.212490676386523,1.8269707596961269,2.5997445659540626,0.9999820628215729,28083
8751_2023,int_3,4.071852429956112,4.011488242281603,4.129875230966131,1.0000795111144924,26484
8751_2023,int_4,4.3989457291594585,4.34019487857358,4.457720354108317,1.0000015775104856,25421
8751_2023,sigma_1,0.19490282252843327,0.16921750953976955,0.2223434536863089,1.0000479170259686,22722
8752_2023,cp_1,58.00637684625692,57.00023134490606,58.957940226898984,1.0000672369533063,22022
8752_2023,cp_2,83.13728408079018,80.00505895924066,84.6831943070529,1.0001187632404107,2221
8752_2023,cp_3,128.50946212158013,128.03664958918708,128.99634745340595,1.0001675461854465,25233
8752_2023,int_1,0.986537442785826,0.845761760694405,1.1216469358410763,1.0002613572151038,26255
8752_2023,int_2,1.9110318420780448,1.7673589680984825,2.0568294909516807,1.0002235680538587,18434
8752_2023,int_3,2.781748338688909,2.67276999924111,2.885778321330121,1.0001398374938182,17440
8752_2023,int_4,0.8791553588885639,0.72794472393336,1.0223602684152282,1.000063462980915,27656
8752_2023,sigma_1,0.3556891783439245,0.3092952978543993,0.4034812773704287,1.0000207685519387,20339
8758_2023,cp_1,70.6072249216135,70.00002915544135,71.71519915085382,1.000763711420977,19942
8758_2023,cp_2,77.3660893406808,76.27837988248,77.99978412519805,1.0003342544516172,17077
8758_2023,cp_3,124.02356857616333,119.00804224469135,129.24773687399568,1.0000499094043105,13094
8758_2023,int_1,0.4574163646057588,0.36918650873464515,0.5503612893877411,1.0000568521976743,28393
8758_2023,int_2,1.3094744953504593,1.123201355323149,1.498766023167491,1.0002174171275333,21800
8758_2023,int_3,0.5539079080802148,0.48058478742635774,0.6255361176897031,1.0001104636408191,22874
8758_2023,int_4,0.189957328699524,0.09364192023666985,0.2872714230466212,1.0002917776009437,18703
8758_2023,sigma_1,0.2387566659916762,0.20761118784219926,0.27370667640400853,1.000039772825894,21642
8760_2023,cp_1,70.81457567175802,70.00003295698617,71.91762126084618,1.0001407379879188,18188
8760_2023,cp_2,77.29935507034406,76.14570681076098,77.99999684461153,1.000067895387209,18242
8760_2023,cp_3,99.50196527798154,99.00227684903014,99.95849657881824,1.0002803478757145,27295
8760_2023,int_1,0.5922309624707414,0.49776239345613726,0.686876981527981,1.0002649398172248,25834
8760_2023,int_2,1.3138461862705182,1.112543541342726,1.5228699432329218,1.0001134672288234,21106
8760_2023,int_3,0.603610292959584,0.4982168677519192,0.7092142967629564,1.0002108074298957,25835
8760_2023,int_4,1.9581243028374367,1.8853231717634424,2.0328577690801923,1.0001021112329567,27388
8760_2023,sigma_1,0.24771841179410783,0.21306336425378117,0.28448597699841854,1.0001288510139572,22521
8767_2023,cp_1,61.29828340584242,41.206362067553265,67.99417572026957,1.0029275525035561,464
8767_2023,cp_2,102.83816540271049,102.00057362491246,103.88854747052645,1.0002518777483025,16035
8767_2023,int_1,0.527067158608363,0.38987106431949475,0.6426350427007903,1.0032747526685324,861
8767_2023,int_2,0.6790747869017186,0.6293003335158708,0.7403523732147316,1.0005330112412638,1961
8767_2023,int_3,1.019064712302973,0.9769481547957338,1.0643596394822439,0.9999995486225827,26923
8767_2023,sigma_1,0.1465513495213726,0.12668576752315885,0.16723067461543625,1.000494932247052,13777
8771_2023,cp_1,103.36787460599285,100.95760261447363,109.51426613032336,1.0122291841509994,887
8771_2023,int_1,0.5794164076091463,0.5389329648202986,0.6218653650734414,1.000608358365753,13343
8771_2023,int_2,0.7941028047502722,0.7456642944650707,0.8430038381567894,1.0001454080775878,19920
8771_2023,sigma_1,0.16422310456080508,0.14277480567478587,0.18687944146387248,1.0001624658047896,22442
8775_2023,cp_1,67.39212131292322,47.60770216828066,82.98892693859327,1.0124367580174911,221
8775_2023,cp_2,95.44698887800082,94.00186576494,96.92592424636278,1.02625900152431,12934
8775_2023,int_1,0.5985970214728843,0.4924808881051019,0.7088609318254344,1.0023187100825313,763
8775_2023,int_2,0.8633495043113776,0.740996898517067,0.978780346802623,1.0022794685572933,1115
8775_2023,int_3,1.296095340104752,1.2238655480112224,1.3665500273943556,1.0000232820092325,27150
8775_2023,sigma_1,0.24930903739921786,0.21639341019739966,0.28489767589065296,1.0007242210984508,19930
8802_2023,cp_1,101.53951120069516,101.01093227934017,101.99970560851004,1.0002805252244344,22993
8802_2023,cp_2,128.50429602243705,128.0339755240017,128.98260467288102,1.0000909776624503,34445
8802_2023,cp_3,131.4537796929162,131.00540337773296,131.99487516997442,1.0000903995952688,8424
8802_2023,int_1,0.8842031090237272,0.8064124370747523,0.9616182278513002,1.0001490234125812,28316
8802_2023,int_2,2.947014941680112,2.8220771909435696,3.0748079279288407,1.0001015006846452,28119
8802_2023,int_3,5.340687650280005,4.870725602283111,5.775750767707763,1.0000558123506682,8417
8802_2023,int_4,2.26836685757384,2.102931456391725,2.438241491399185,1.0000887115048338,19494
8802_2023,sigma_1,0.333352002883052,0.2903560795113189,0.3791955528935114,1.0000326030088953,23841
8803_2023,cp_1,130.50269502198842,130.04527760125995,130.99409265898814,0.9999829976761127,32203
8803_2023,cp_2,132.49814315237245,132.03587265644794,132.98342430308801,0.9999897067273587,32187
8803_2023,int_1,1.00261855990689,0.9745449544321687,1.0309417788657156,1.0000756471848613,27414
8803_2023,int_2,4.56362901566608,4.362096934763589,4.7622364129024675,1.0000996379776892,27997
8803_2023,int_3,1.2443904354162285,1.1784390005156347,1.3092437351200246,1.0000093065003834,26671
8803_2023,sigma_1,0.14384850548080888,0.1257322678612624,0.16289504963436366,1.000219557096387,25375
8805_2023,cp_1,79.49989521448197,79.02245806749194,79.97049688453079,0.9999770024934714,32206
8805_2023,cp_2,82.49839808090118,82.01043928612422,82.96485444316846,1.0001392993606282,27116
8805_2023,cp_3,83.4957323128241,83.00048625836622,83.94849986218998,1.0000311994803261,31054
8805_2023,int_1,0.6024503597056939,0.40743246247255727,0.7936613981172741,1.0001175192681346,27041
8805_2023,int_2,6.886503382100603,6.125834539964461,7.6636746508134195,1.000378900125054,27253
8805_2023,int_3,11.351468908713152,10.01972253395114,12.748156338750038,1.00026555317182,24777
8805_2023,int_4,15.620312136117306,15.422441677123548,15.82738804287685,0.9999897895422678,27368
8805_2023,sigma_1,0.6770692872282974,0.5800923154113656,0.7762286246936109,1.0000018744908485,23656
8810_2023,cp_1,37.98803662729976,36.01036020089779,39.14689172790434,1.000939384798988,15329
8810_2023,cp_2,92.50022669661622,92.03720085526042,92.98794127268673,1.0000473211250163,31550
8810_2023,cp_3,93.49983193563416,93.01424226226425,93.96393507854982,1.0000018969559634,32375
8810_2023,int_1,0.6912431875094176,0.43843669047511113,0.934578614437379,0.999998157639106,21605
8810_2023,int_2,1.4302307260347118,1.3503132015103083,1.5107530549664998,1.0002402650210078,33079
8810_2023,int_3,3.0785942914834568,2.4965190927734953,3.667323686927636,1.000043723651255,25632
8810_2023,int_4,9.892624238251699,9.778840093071299,10.009843084359687,1.000083212011902,27844
8810_2023,sigma_1,0.2978828484828979,0.253787594286765,0.3463035223822096,1.0001824493528733,21667
8902_2023,cp_1,56.379580310243014,55.000276937961495,57.12208909585604,1.000618535799746,11186
8902_2023,cp_2,67.47510366991872,67.00001693138668,68.77965691490085,1.00088023532291,2351
8902_2023,cp_3,73.49946463817746,73.03521950627453,73.98825046972486,0.9999912354936279,28743
8902_2023,int_1,0.6097103560117353,0.2610199811487089,0.9581553227271407,1.0003996988343096,13846
8902_2023,int_2,1.6399487144557228,1.4762269435874031,1.7999661934174338,1.0004883816217178,15454
8902_2023,int_3,2.394321831626289,2.1804328525755587,2.616493331243619,1.0000952481412078,10484
8902_2023,int_4,0.9523606343962492,0.8816987720090979,1.0228120545252986,1.0000247650568665,27686
8902_2023,sigma_1,0.25096248396977877,0.20837153269083683,0.29753793430433667,1.0000248989760032,16977
8907_2023,cp_1,56.738920238000695,54.00000816383412,73.35236884949545,1.024327340751332,157
8907_2023,cp_2,80.14113798610042,76.59136337032808,84.99843315565674,1.0061016216674306,320
8907_2023,cp_3,103.63578411648935,103.00002603640824,104.62874699792165,1.0002052570018425,15094
8907_2023,int_1,0.512226506227697,-0.01466423212151374,1.182627355294346,1.0042309504317717,860
8907_2023,int_2,1.1815114773432704,1.0419909486509986,1.3391426216876976,1.0594982730482356,565
8907_2023,int_3,0.8760769743444222,0.7673945685552285,0.983789352417951,1.011399956531792,6509
8907_2023,int_4,2.0684458136088706,1.9969051809062919,2.137987698973381,1.0002157700356509,26771
8907_2023,sigma_1,0.24327595680842862,0.20741927158825796,0.28133764262149913,1.0000855654160676,7985
8909_2023,cp_1,66.15532361428711,65.14316595762168,66.99949531144867,1.000320222535757,9251
8909_2023,cp_2,71.5003781754187,71.00729230476237,71.95688025303367,1.0000752278954,30685
8909_2023,cp_3,99.49550832828517,99.0119056805593,99.959256497999,1.000396969721638,32348
8909_2023,int_1,1.1342971147561982,0.9465591214464167,1.3172338061512237,1.0000733827583388,16253
8909_2023,int_2,3.1747396887972057,2.8522145432598744,3.4746853830240587,1.000024890363772,11456
8909_2023,int_3,0.9149256280809213,0.801139451067499,1.0306839341726242,1.0002487088715026,26890
8909_2023,int_4,3.3854598668397906,3.257668763655232,3.50771276952382,1.0000884130674244,27050
8909_2023,sigma_1,0.30392493692135814,0.25287798519479093,0.3591330750106497,1.000207964139793,21307
8953_2023,cp_1,89.40271274298584,88.04597873685726,90.88858657494184,1.0022336019440576,11628
8953_2023,int_1,0.4723105336278159,0.2365309831164406,0.707834329973377,1.0000151268685948,25911
8953_2023,int_2,2.020333899012398,1.8653460942377007,2.169553545392454,1.000149410120178,25502
8953_2023,sigma_1,0.5808434283198187,0.4917343405997148,0.6748170250052529,0.99998864978977,23367
8992_2023,cp_1,91.50109596484567,91.00925946624464,91.9563390894059,1.0000004578285804,33617
8992_2023,cp_2,94.50029866460886,94.03955006063389,94.98957179106284,1.0001058610266575,31864
8992_2023,cp_3,104.4999399702143,104.0205870626919,104.96937925567104,0.9999794412228579,32345
8992_2023,int_1,0.7631067153512462,0.6411800510481546,0.8839213179450358,1.0000441709549885,28807
8992_2023,int_2,8.005272070303397,7.454974597190305,8.543967527792688,1.000069868593177,28756
8992_2023,int_3,0.9921198135842172,0.6952908498841317,1.289100108792362,1.0002926517206483,27818
8992_2023,int_4,7.479574900428438,7.297324885948445,7.659356256985838,1.0003219340234875,28017
8992_2023,sigma_1,0.479710873996094,0.41234240269119676,0.5499047554411974,1.0000148973207954,24646
8993_2023,cp_1,97.50034851009492,97.04279098249074,97.99184114652779,1.0000208924142442,32856
8993_2023,int_1,0.7492903862265292,0.7150972167209984,0.7824307977420331,1.0001713568666504,28441
8993_2023,int_2,1.5666827070321132,1.511131779911416,1.6246029098112755,0.9999814244427679,27282
8993_2023,sigma_1,0.1410772706921885,0.1211018962533808,0.16303997157589276,1.0001197569461906,26173
8995_2023,cp_1,91.49936903621963,91.03842440565894,91.98766471704869,1.000032750639823,33286
8995_2023,cp_2,94.50021865935359,94.01420280467289,94.96361523754382,1.000085869831702,34187
8995_2023,cp_3,110.49955998561906,110.04748824624814,110.99455449329305,1.000125437282895,32241
8995_2023,int_1,0.859982868385871,0.680158803372397,1.0367829280306815,1.0001911334208777,27709
8995_2023,int_2,7.834544041270031,7.053379669167242,8.631273690595586,1.0000641518494098,27862
8995_2023,int_3,1.8968148972474694,1.5512237361286767,2.242266977723136,1.000041967857889,27877
8995_2023,int_4,7.80038146382925,7.585475010633093,8.016839797397697,1.000256492713834,28647
8995_2023,sigma_1,0.7023806119109125,0.6157551054891802,0.7989619301490769,1.0005262835255584,24900
8998_2023,cp_1,102.49776034123019,102.04409252963038,102.99520530178552,1.0000403751239595,30813
8998_2023,int_1,0.4306697260352881,0.38698418944644913,0.4743898047940768,1.0000634006530988,26497
8998_2023,int_2,2.063915628930623,1.9914413892549796,2.13857315379465,1.0000756871594982,27541
8998_2023,sigma_1,0.1876437397309515,0.16149850386883124,0.21559640877484088,1.0000721085968107,25462
9000_2023,cp_1,51.569915230777646,45.98730666351656,59.78845586372991,1.0006964411939803,9787
9000_2023,cp_2,101.43448907246353,100.81875509031929,101.99996746262704,1.0001349595050173,16861
9000_2023,int_1,0.312782374311992,0.20312329612251281,0.4243588152422501,1.000039269956684,16350
9000_2023,int_2,0.6070863579894422,0.5415178875878514,0.6717489564744545,1.0000184525274662,21963
9000_2023,int_3,1.5017855386055141,1.4206708093143356,1.5830489708687872,1.000096911802418,26584
9000_2023,sigma_1,0.22446241536054906,0.1937470664216691,0.2571182116542253,1.0002288132754942,23588
9002_2023,cp_1,54.92853339164547,53.00169300272888,56.94628844415245,1.0007254476142355,17314
9002_2023,cp_2,86.7258198452998,85.16365163685457,87.99865619188213,1.0035152058883812,2193
9002_2023,cp_3,111.3488325683936,110.002713229695,112.93912637253068,1.0000640848556903,16435
9002_2023,int_1,1.157505738450361,0.9824480991314529,1.3260596867024501,1.0001973967620323,24263
9002_2023,int_2,0.6337475004967513,0.51132884369521725,0.7533087341460585,1.000328548441047,15799
9002_2023,int_3,1.8761190944808532,1.7359449090830368,2.0118067274180635,1.0000923856919315,17778
9002_2023,int_4,2.8188945957034273,2.531069274787884,3.1021738804211436,1.0001174984794001,17769
9002_2023,sigma_1,0.3238001216914117,0.27298224526375325,0.38019817374299303,1.0007791779671535,20109
9005_2023,cp_1,78.41199636772139,77.0001445437664,79.79210213064356,1.0221548375807608,4541
9005_2023,cp_2,93.37423954097046,92.40332372727832,93.99999857185243,1.0000194198080081,16263
9005_2023,int_1,0.566926465373067,0.48190843189012994,0.6526904566253369,1.0000927534124775,18575
9005_2023,int_2,1.1978602829224887,1.0584671516816773,1.3390278177533437,1.000388428062729,16236
9005_2023,int_3,2.2027730106197128,2.117101014744521,2.2877525025939387,1.0001649182690204,27027
9005_2023,sigma_1,0.2616610806800313,0.22352796733050254,0.3042529411136135,1.000053406850639,21546
9007_2023,cp_1,88.17231104513004,87.00009563593902,89.9951980765037,1.0004359529698104,1371
9007_2023,int_1,0.5686297912161065,0.502915460242952,0.6348624873684509,0.9999974812333093,12516
9007_2023,int_2,1.349184607016926,1.2918713372161303,1.4062527729507266,1.0000607343904542,16903
9007_2023,sigma_1,0.22175460971958566,0.19206423544762227,0.25271980234869773,1.0000672454955346,23473
9009_2023,cp_1,94.49510246520934,94.00052684050489,94.94943192464764,1.0000271013172821,31924
9009_2023,cp_2,96.50059756943186,96.02968172664426,96.97871666198994,1.0000527719734096,32554
9009_2023,cp_3,100.63701383254362,100.0000692036533,101.64940491730816,1.000242374894668,14389
9009_2023,int_1,1.1762159700514507,1.071316153588899,1.2798921829593781,1.0000319791959402,30004
9009_2023,int_2,3.9454641373487056,3.4954706426209055,4.407529031557287,1.0000090627482643,27454
9009_2023,int_3,1.8272623505274899,1.487232912513985,2.179831026424928,1.00010628409231,19216
9009_2023,int_4,3.1232296096409833,3.0254500094078134,3.2204867481492605,1.0000609265326708,28084
9009_2023,sigma_1,0.3306705677246079,0.28223641422202783,0.3829953454591273,0.9999859078676636,22768
9010_2023,cp_1,58.47801419428784,58.01547450147879,58.9882323731561,1.0003294112974406,17443
9010_2023,cp_2,65.00859136276685,64.04358428664567,65.9994641470134,1.0002130297956673,10798
9010_2023,cp_3,101.8867519296071,97.00938879777331,115.66897464651413,1.0038331196139365,1760
9010_2023,int_1,0.33291447307884925,-0.016768769568501388,0.6832894093734686,1.0003338950017222,24288
9010_2023,int_2,1.8697513866030142,1.6249230564906916,2.128535916355993,1.0000852966076268,15145
9010_2023,int_3,1.188848091708972,1.0661568329856534,1.2993106018397944,1.001187231645667,5284
9010_2023,int_4,0.800970976200699,0.6072730328919655,0.9772930435616265,1.0004335772821245,5760
9010_2023,sigma_1,0.3020706650152748,0.24459291090426236,0.36155286576636947,1.000071217426954,10879
9013_2023,cp_1,65.47008475200062,65.00119733234939,65.98210353123952,0.9999915758131407,15407
9013_2023,cp_2,82.86050282151665,76.44933718942193,88.0009807683672,1.0042249399182854,103
9013_2023,cp_3,100.97554004219968,99.99977752680773,103.66800809213325,1.0050994132375444,3973
9013_2023,int_1,0.6605868986798982,0.5389444430682474,0.7810587425027923,1.0001194738244392,26908
9013_2023,int_2,1.4024901596093713,1.2844128825780834,1.516523942934001,1.0010835476838251,537
9013_2023,int_3,0.9815500739023999,0.8532996082299102,1.1033816797088603,1.0011590936664736,480
9013_2023,int_4,1.600053035404635,1.524947234067529,1.6776941637280587,1.0000402116801175,19539
9013_2023,sigma_1,0.19280654630632302,0.1587951355304135,0.2266658078145334,0.9999966694004913,15116
9019_2023,cp_1,126.50164162220328,126.04955467338304,126.99892174515011,1.000014946038131,33667
9019_2023,cp_2,128.50129704967267,128.03479579659074,128.98190356918215,1.000237762510713,33424
9019_2023,int_1,1.2000233949694468,1.1332609931030255,1.2692397553055599,1.0001236431140512,30155
9019_2023,int_2,3.7339268768142824,3.2869563863224616,4.179556107174706,1.0000460640961024,27759
9019_2023,int_3,1.4616034296039495,1.3308002943940902,1.5971206434527812,1.000444474173866,27786
9019_2023,sigma_1,0.31782717284989637,0.2755319589516596,0.36151804234755913,1.0000878463183527,24843
9020_2023,cp_1,46.25997731364601,45.000030812377474,47.250826671814465,1.0002364651771045,13053
9020_2023,cp_2,50.54651421679597,50.00939253118701,50.99755106290091,1.0029238784231143,9696
9020_2023,cp_3,75.4563762073148,74.95772636437313,75.99991836921518,1.0011237651323919,14169
9020_2023,int_1,0.12975860753051782,-0.11904291212682729,0.3750686345750529,1.0001343884257885,17680
9020_2023,int_2,0.8286523478635999,0.5968990026054688,1.0649597084770157,1.0007869357186092,14134
9020_2023,int_3,1.594009403161906,1.5068030064124847,1.6800629367724582,1.0003433043166832,27638
9020_2023,int_4,1.1998811470630508,1.1505836058974315,1.2491360787858579,1.000108472261099,26734
9020_2023,sigma_1,0.21851594229820623,0.1891521896214933,0.24965817205113955,1.000093655174095,22438
9021_2023,cp_1,105.497741273264,105.02037833869156,105.97091044298988,0.9999966399490187,31105
9021_2023,int_1,1.4133427535342729,1.317751146032801,1.5009751180171877,1.000109696283516,27125
9021_2023,int_2,4.5897055841857135,4.462363006626025,4.7303973447570975,0.9999941482317664,28505
9021_2023,sigma_1,0.3676086148793875,0.3162323373173038,0.42517128735731935,1.0004145686452142,24858
9024_2023,cp_1,96.30512686730701,95.14165861637468,96.9999972417298,1.000203986659421,16701
9024_2023,int_1,1.0039591877510403,0.8597749019667509,1.1523543496282878,1.000161383197947,26394
9024_2023,int_2,2.4271442434709414,2.23398252417618,2.6196353662838145,1.000020646399742,27538
9024_2023,sigma_1,0.4880713236338552,0.4072740871847001,0.5754409993835441,1.0001480166223458,24011
9026_2023,cp_1,64.6667940780588,62.99984357176268,66.59044209653342,1.0013054610134702,19050
9026_2023,cp_2,96.49955156992483,96.02067536932661,96.97105105277323,1.0000763799994274,31562
9026_2023,cp_3,101.49818344119932,101.03755630607453,101.99771519371318,1.0000533687875013,24838
9026_2023,int_1,1.359267163054105,1.2065922251763965,1.5113195092883114,1.000618478766861,27312
9026_2023,int_2,0.8403671937360705,0.7320286114746609,0.9509093251145291,1.0001474565270771,27255
9026_2023,int_3,3.0726044418073024,2.8140199905578314,3.3370612843363707,1.0000890920015253,24810
9026_2023,int_4,4.73440058440168,4.65267106811473,4.814826750491733,1.000052956658424,28852
9026_2023,sigma_1,0.2933376882297848,0.25370368841652785,0.33856369696224536,1.0004337396586902,23400
9051_2023,cp_1,74.92841430226845,73.00302815532335,76.60066203128143,1.0002751302726676,7805
9051_2023,cp_2,81.49593212952733,81.03984710163083,81.99561967968229,0.9999960720706697,28555
9051_2023,cp_3,95.52413307907217,95.02149547712382,95.99763992767332,1.0003403105918676,22412
9051_2023,int_1,1.0959347601618032,0.9910402475357378,1.2043412503257571,1.0000622454597223,26191
9051_2023,int_2,1.9015663180009859,1.5929130300449121,2.1974952099293614,1.0002749299729383,15024
9051_2023,int_3,0.47026266461653843,0.2807158932024082,0.6578749202869586,1.0001416627772284,26647
9051_2023,int_4,1.7837348014578107,1.6902745150921732,1.8779696274536564,1.0001611453510122,28214
9051_2023,sigma_1,0.3564113901554689,0.31091847033683445,0.4039135051326554,1.0001589032936584,23061
9054_2023,cp_1,86.740667181066,86.00004139533127,87.7911933078241,1.0008737755380241,6701
9054_2023,cp_2,88.50199024357761,88.0159447503685,88.96451780137448,1.0001976833922102,32281
9054_2023,cp_3,91.4963221605302,91.00976710763246,91.95969055452906,1.0000096098331757,31689
9054_2023,int_1,1.0473042191713642,0.8495508329032424,1.242115240784912,1.0000439777740302,24131
9054_2023,int_2,4.893994016278717,3.5455564756835525,6.703847689657429,1.000979907499012,6813
9054_2023,int_3,10.868318277793955,10.041030240568196,11.710036335375246,1.0001619156186525,27361
9054_2023,int_4,2.0854210796559944,1.8184921429364473,2.353090448262549,1.0001020775129477,27030
9054_2023,sigma_1,0.7327526542125596,0.6256380029330023,0.8473215231981037,1.0000823626563076,23205
9055_2023,cp_1,75.39231666953448,74.46515843144107,75.99996835809584,1.0000810774387372,16603
9055_2023,cp_2,81.55110531171037,81.0000309497234,82.0069757741392,1.0001692618038156,17063
9055_2023,cp_3,94.90677830770291,93.0894678645172,95.99979699582605,1.0010744989196598,5678
9055_2023,int_1,0.7969727579011626,0.7160071917868608,0.8759494621091564,1.0000642243705073,27410
9055_2023,int_2,2.266207057399974,2.026283935735464,2.496517829032353,1.0000359349842634,17163
9055_2023,int_3,0.8212903950391077,0.6706831109723834,0.9684936181603767,1.0002722255603715,22296
9055_2023,int_4,1.3621959767967873,1.2774260415086596,1.4463347572497274,1.000005304723703,24110
9055_2023,sigma_1,0.26752288051619905,0.23049090520011123,0.3062273186178589,1.000113501757515,19923
9058_2023,cp_1,75.49744349268094,75.01771759737254,75.96945577096963,1.0001175713885229,29935
9058_2023,cp_2,81.49915188287382,81.03083745564565,81.97956839918824,1.0000488126574394,31312
9058_2023,int_1,0.8132534420430744,0.7627888686443846,0.8630052226485162,1.0001259845247352,28160
9058_2023,int_2,1.893113332787231,1.7558580837717115,2.0271206441001324,0.9999836053405831,27562
9058_2023,int_3,0.7700421270369154,0.7096908466804637,0.8281769194268415,1.0000346380715663,28060
9058_2023,sigma_1,0.16905660014242566,0.1430362528788737,0.19618291497316112,1.0001192948338606,23769
9062_2023,cp_1,102.50233190684703,102.04260233618078,102.99230002132863,1.0000647670063034,37870
9062_2023,cp_2,146.49664764596398,146.02418558990044,146.97506482914682,1.000047215839761,32222
9062_2023,int_1,1.2874651700380386,1.1684898026058053,1.4030093375586694,1.0002197119478469,30432
9062_2023,int_2,5.420987510992635,5.279450717562465,5.559922442329013,1.0000419578527417,31854
9062_2023,int_3,1.6419808880670703,1.2231239992709928,2.0604584868981903,0.9999900537565107,26701
9062_2023,sigma_1,0.4763893279932388,0.4145355468724372,0.5402548796175685,1.0001236474863844,28144
9064_2023,cp_1,71.60303151711226,53.277477311142796,92.98717590036449,1.0042625133592538,1163
9064_2023,int_1,0.7592825189710275,0.5734086390683701,0.9308152065314185,1.0099909680480315,1612
9064_2023,int_2,1.0435363798396378,0.9126113279482255,1.1839980796103315,1.0008355361989425,3576
9064_2023,sigma_1,0.3792729718840901,0.31996427475592576,0.4409708686654762,1.0000900567698348,20760
9065_2023,cp_1,87.50231086678235,87.00999613672694,87.95878815161336,0.9999779605054026,31687
9065_2023,cp_2,88.5020958592167,88.0335559953898,88.98185890328907,0.9999855676566276,32686
9065_2023,cp_3,96.49655363861139,96.00229902569966,96.95119744164744,1.0001627170069884,32114
9065_2023,int_1,1.1828744587997584,1.0449475444164262,1.319773929549906,1.0003102777594906,28276
9065_2023,int_2,5.040965913908876,4.101628896369197,6.049309075877915,1.0000429856346054,27523
9065_2023,int_3,1.6473182640915323,1.2913575356469722,1.992206188432166,1.0000130652881638,27086
9065_2023,int_4,9.606348370357724,9.475459452778157,9.738825893895289,1.0002526922552146,27707
9065_2023,sigma_1,0.49922412754955703,0.4363203174958485,0.5685766959339055,1.0001290021756122,24627
9068_2023,cp_1,80.50338339666095,80.01620003209861,80.96574416565629,1.0000680929511667,31513
9068_2023,cp_2,86.500682047574,86.01153410722884,86.96493411465148,1.0000323755502243,28426
9068_2023,int_1,0.25752088374508225,0.18586168623915336,0.32974881182554555,1.0000786338658074,27881
9068_2023,int_2,1.1055371207112779,0.9518035230804888,1.2555963716291612,1.0000997035146737,26809
9068_2023,int_3,0.38012575446905983,0.32146832457233915,0.44463115595299224,1.000072538988453,26681
9068_2023,sigma_1,0.18783308515011551,0.15656295567738138,0.22127727447996456,1.0001233618965457,22840
9075_2023,cp_1,81.36240482591354,81.02146058425828,81.99234805695336,1.0000522459710988,23796
9075_2023,cp_2,84.43003666085866,84.01566314902162,84.98671785907189,0.9999685053679581,21087
9075_2023,cp_3,85.46885265665,85.01367842526905,85.98652287311336,1.0000518339704738,21317
9075_2023,int_1,0.9046376020677757,0.8036475563862547,1.017211525340884,1.0000397897709907,19722
9075_2023,int_2,3.6844556262971535,3.486189315000054,3.9889989499053815,1.0001204231020273,19487
9075_2023,int_3,1.2652857625409453,0.7616689097613738,1.6403320397381245,1.000119894296983,16795
9075_2023,int_4,2.7943856838449572,2.7422792450175417,2.84691004998236,1.0000670224913792,20913
9075_2023,sigma_1,0.1966029582778038,0.16153562623568457,0.23263423524405874,1.0000142231039335,15724
9076_2023,cp_1,47.717547657047945,47.000032127797496,48.76144273663453,1.0004337419016447,915
9076_2023,cp_2,50.500290691195275,50.02308729061122,50.97304759096782,0.9999786362378307,31991
9076_2023,cp_3,91.49671429357706,91.00853507344196,91.95672055583803,1.000036338895197,31364
9076_2023,int_1,0.46024150219246845,-0.19455851153599926,1.2921306471644904,1.0001654284527168,950
9076_2023,int_2,2.7993920412844333,2.4121350157546733,3.3323340730562743,1.0001834390517386,1053
9076_2023,int_3,0.3268617989513254,0.2458708976800071,0.4074292546044496,1.0000640476505858,27573
9076_2023,int_4,4.035787481000852,3.9686332096584747,4.100616570030974,1.000170855155064,28088
9076_2023,sigma_1,0.2619850820420084,0.2264365131152231,0.299923468933477,1.0000725773660384,22673
9079_2023,cp_1,94.49966954597927,94.01228076418732,94.96051930715517,1.0002269333076665,31477
9079_2023,int_1,0.7638798653024212,0.6167604821865,0.912048598989132,1.0001013209420464,27703
9079_2023,int_2,5.305025227891116,5.162349247106948,5.439992624282069,1.000082170602847,27848
9079_2023,sigma_1,0.5214173541981058,0.45058619327781596,0.5963359984685843,1.0000480595008328,25382
9083_2023,int_1,0.7646963787228371,0.7121422475253715,0.8174615423935765,1.0001323676791516,27440
9083_2023,sigma_1,0.23241454689486216,0.1965856758057716,0.27002324201839734,1.0000451540940816,25074
9084_2023,cp_1,91.00949974929426,88.53274985474413,93.99883926587698,1.0002606207527263,3726
9084_2023,cp_2,132.65163145853634,132.00000172380004,133.69051476658288,1.0121798265694961,3283
9084_2023,int_1,0.42472253661058457,0.3553351830315997,0.4939866743460579,1.0001818062738068,24261
9084_2023,int_2,0.7491172331045344,0.681347986924967,0.8146611639288215,1.0000426654790013,15182
9084_2023,int_3,0.2207279442497467,0.11962600221457585,0.31625904685327705,1.0001996442785768,27929
9084_2023,sigma_1,0.2061771259021563,0.17706257745399517,0.23737431281238738,1.0002106798614738,19891
9085_2023,cp_1,129.52516950253505,126.9986584179819,131.0008842289461,1.0009740498267863,12716
9085_2023,int_1,0.7981951008294812,0.7054116477745906,0.8889194166473819,1.0001081069262874,26927
9085_2023,int_2,1.320338210763674,1.133959852233797,1.5037757803930427,1.0001108856492738,22824
9085_2023,sigma_1,0.4032149835445469,0.34658691006465686,0.46336641219619995,1.0000522355487544,24621
9090_2023,cp_1,142.50194925871415,142.0090825657099,142.95755378921868,1.0000766390648137,32475
9090_2023,int_1,0.973208262570747,0.9356719950080816,1.0107207579079087,1.000007526221269,27330
9090_2023,int_2,3.3294378639130184,3.0005161165809304,3.648633346387559,1.0000009875483666,28231
9090_2023,sigma_1,0.16518808315947545,0.13896149283647685,0.19305182019087602,1.000220234668082,23884
9094_2023,cp_1,83.52227642966068,83.013695155182,83.9862023363735,1.0001346631731747,21121
9094_2023,cp_2,86.49765468089937,86.01116167774417,86.96050439820962,1.000094157100411,31430
9094_2023,cp_3,92.97754728399886,89.58298412604005,95.08725421908532,1.0000581197820975,14306
9094_2023,int_1,0.38609391109250363,0.242608638412737,0.5273385316083272,1.0000942176830832,24769
9094_2023,int_2,1.5628318116784556,1.3111876694583626,1.8125987871487994,0.9999998871145578,22386
9094_2023,int_3,0.28533979191571235,0.09391020365943523,0.47526791101980953,1.0006028859413738,15809
9094_2023,int_4,0.6700188724238036,0.6030535747603247,0.7360474419504539,1.000150094705797,23681
9094_2023,sigma_1,0.21353341401257123,0.17540585035571016,0.25474079516461684,1.0000192117993523,19393
9096_2023,int_1,0.5689864694310097,0.5147662040066484,0.6251045908967856,0.9999921331455607,27268
9096_2023,sigma_1,0.2228158757449164,0.18468124830512705,0.263027685991488,1.00004559767742,24561
