BandID,BirdID,age,studyarea,captyr,Yr,name,mean,upper,lower,LPDV,Status,yrsincecap
2586,2586_2022,0,4D,2022,2022,cp_1,38.49643278,38.97995696,38.01821172,1,0,0
2586,2586_2022,0,4D,2022,2022,int_1,0.215188791,0.639754635,-0.210896543,1,0,0
2586,2586_2022,0,4D,2022,2022,int_2,1.319154688,1.38800141,1.252598959,1,0,0
2586,2586_2022,0,4D,2022,2022,sigma_1,0.309895994,0.360330977,0.264114449,1,0,0
4255,4255_2022,0,3D,2022,2022,cp_1,94.60953748,95.60540729,94.00000457,1,1,0
4255,4255_2022,0,3D,2022,2022,int_1,1.024660593,1.141529663,0.903683803,1,1,0
4255,4255_2022,0,3D,2022,2022,int_2,2.756411341,2.945760906,2.572830265,1,1,0
4255,4255_2022,0,3D,2022,2022,sigma_1,0.477308479,0.550289801,0.407223274,1,1,0
4255,4255_2023,0,3D,2022,2023,NA,NA,NA,NA,1,0,1
4268,4268_2022,0,3D,2022,2022,cp_1,38.49975391,38.97403551,38.02376994,1,0,0
4268,4268_2022,0,3D,2022,2022,int_1,0.400351097,0.498978514,0.302232012,1,0,0
4268,4268_2022,0,3D,2022,2022,int_2,1.566609103,1.621269251,1.511687058,1,0,0
4268,4268_2022,0,3D,2022,2022,sigma_1,0.131980595,0.169544223,0.098223334,1,0,0
4419,4419_2022,0,4D,2022,2022,cp_1,82.54698657,82.99677367,82.00175995,1,1,0
4419,4419_2022,0,4D,2022,2022,int_1,0.742367059,0.832639355,0.65217274,1,1,0
4419,4419_2022,0,4D,2022,2022,int_2,4.309793964,4.422601873,4.198053611,1,1,0
4419,4419_2022,0,4D,2022,2022,sigma_1,0.320225438,0.371954058,0.2718953,1,1,0
4601,4601_2022,1,3D,2022,2022,cp_1,92.23037961,93.99924041,89.98313947,1,0,0
4601,4601_2022,1,3D,2022,2022,int_1,0.243262317,0.652070621,-0.187264187,1,0,0
4601,4601_2022,1,3D,2022,2022,int_2,2.782710882,3.418996932,2.135776574,1,0,0
4601,4601_2022,1,3D,2022,2022,sigma_1,1.664702278,1.921615633,1.421730051,1,0,0
4603,4603_2022,0,3D,2022,2022,cp_1,101.5001216,101.9610141,101.0111075,1,0,0
4603,4603_2022,0,3D,2022,2022,int_1,0.295621455,0.36639161,0.224318318,1,0,0
4603,4603_2022,0,3D,2022,2022,int_2,1.714719422,1.855194615,1.583222372,1,0,0
4603,4603_2022,0,3D,2022,2022,sigma_1,0.301684878,0.348939836,0.25817202,1,0,0
4603,4603_2023,0,3D,2022,2023,cp_1,102.4100838,102.9999796,101.5232874,1,0,1
4603,4603_2023,0,3D,2022,2023,int_1,0.489945364,0.608659163,0.37469109,1,0,1
4603,4603_2023,0,3D,2022,2023,int_2,1.707506177,1.940376883,1.479764388,1,0,1
4603,4603_2023,0,3D,2022,2023,sigma_1,0.487715112,0.566204211,0.416792982,1,0,1
4605,4605_2022,0,3D,2022,2022,cp_1,93.33181248,93.99988664,92.08831292,1,0,0
4605,4605_2022,0,3D,2022,2022,int_1,0.239028135,0.323569121,0.156240086,1,0,0
4605,4605_2022,0,3D,2022,2022,int_2,1.11025155,1.233957244,0.980389282,1,0,0
4605,4605_2022,0,3D,2022,2022,sigma_1,0.330598466,0.383025025,0.282425701,1,0,0
4613,4613_2022,1,3D,2022,2022,cp_1,81.49770517,81.97921535,81.03028329,0,1,0
4613,4613_2022,1,3D,2022,2022,int_1,1.510095237,1.638762997,1.383072102,0,1,0
4613,4613_2022,1,3D,2022,2022,int_2,4.554628019,4.700925983,4.411486522,0,1,0
4613,4613_2022,1,3D,2022,2022,sigma_1,0.457137752,0.528484509,0.391260784,0,1,0
4621,4621_2022,1,3D,2022,2022,cp_1,69.98896937,71.9955404,67.87784362,0,0,0
4621,4621_2022,1,3D,2022,2022,int_1,0.681626701,0.791121048,0.567954125,0,0,0
4621,4621_2022,1,3D,2022,2022,int_2,0.250694004,0.365521423,0.135909955,0,0,0
4621,4621_2022,1,3D,2022,2022,sigma_1,0.236381969,0.295593303,0.180403597,0,0,0
4660,4660_2022,0,3D,2022,2022,cp_1,90.84070142,92.94130895,89.01172615,0,0,0
4660,4660_2022,0,3D,2022,2022,int_1,1.599018838,1.768606703,1.428304286,0,0,0
4660,4660_2022,0,3D,2022,2022,int_2,2.327711585,2.476882714,2.180984992,0,0,0
4660,4660_2022,0,3D,2022,2022,sigma_1,0.403843356,0.486019274,0.325333029,0,0,0
4660,4660_2023,0,3D,2022,2023,cp_1,101.6711747,105.4512994,98.54464914,0,0,1
4660,4660_2023,0,3D,2022,2023,int_1,1.626026512,1.954370365,1.301094401,0,0,1
4660,4660_2023,0,3D,2022,2023,int_2,0.364319728,0.814345885,-0.06241066,0,0,1
4660,4660_2023,0,3D,2022,2023,sigma_1,0.928817794,1.118875804,0.755647506,0,0,1
4662,4662_2022,0,3D,2022,2022,cp_1,91.63014604,92.99985035,90.63497118,1,0,0
4662,4662_2022,0,3D,2022,2022,int_1,0.391295019,0.501497271,0.277314545,1,0,0
4662,4662_2022,0,3D,2022,2022,int_2,1.173807064,1.275590485,1.072686127,1,0,0
4662,4662_2022,0,3D,2022,2022,sigma_1,0.272105804,0.330726687,0.221109237,1,0,0
4664,4664_2022,1,3D,2022,2022,cp_1,85.6832384,86.82583746,85.00003252,0,0,0
4664,4664_2022,1,3D,2022,2022,int_1,0.463005714,0.610448933,0.312241143,0,0,0
4664,4664_2022,1,3D,2022,2022,int_2,1.129432588,1.199801238,1.059034455,0,0,0
4664,4664_2022,1,3D,2022,2022,sigma_1,0.207013949,0.255903265,0.163896575,0,0,0
4698,4698_2022,0,3D,2022,2022,NA,NA,NA,NA,1,0,0
8164,8164_2022,1,2D,2022,2022,cp_1,65.94199269,67.67583335,63.99596957,1,0,0
8164,8164_2022,1,2D,2022,2022,int_1,0.930927,1.093123105,0.767879792,1,0,0
8164,8164_2022,1,2D,2022,2022,int_2,1.946915526,2.077948696,1.816564513,1,0,0
8164,8164_2022,1,2D,2022,2022,sigma_1,0.469753886,0.545154311,0.399706896,1,0,0
8165,8165_2022,1,2D,2022,2022,cp_1,38.09239878,41.49987588,35.99966571,1,0,0
8165,8165_2022,1,2D,2022,2022,int_1,0.169108917,0.45408719,-0.128348003,1,0,0
8165,8165_2022,1,2D,2022,2022,int_2,0.728908555,0.797402116,0.660719132,1,0,0
8165,8165_2022,1,2D,2022,2022,sigma_1,0.250799916,0.299279801,0.205414987,1,0,0
8166,8166_2022,0,2D,2022,2022,cp_1,65.98263049,67.98931963,64.04079393,1,0,0
8166,8166_2022,0,2D,2022,2022,int_1,0.481069582,0.673434037,0.28807067,1,0,0
8166,8166_2022,0,2D,2022,2022,int_2,1.496492013,1.738308485,1.24320425,1,0,0
8166,8166_2022,0,2D,2022,2022,sigma_1,0.546382078,0.656274718,0.43847607,1,0,0
8168,8168_2022,0,2D,2022,2022,cp_1,66.1448533,66.9999293,64.27358466,1,0,0
8168,8168_2022,0,2D,2022,2022,int_1,0.747607996,0.948957874,0.545316619,1,0,0
8168,8168_2022,0,2D,2022,2022,int_2,2.207823777,2.362012878,2.048765444,1,0,0
8168,8168_2022,0,2D,2022,2022,sigma_1,0.578727926,0.668643311,0.492613998,1,0,0
8168,8168_2023,0,2D,2022,2023,cp_1,66.51398634,66.97484516,66.0117531,1,1,1
8168,8168_2023,0,2D,2022,2023,int_1,0.508333352,0.659165516,0.354294642,1,1,1
8168,8168_2023,0,2D,2022,2023,int_2,3.1148455,3.237218001,2.994486078,1,1,1
8168,8168_2023,0,2D,2022,2023,sigma_1,0.452593926,0.522498736,0.386064428,1,1,1
8169,8169_2022,0,2D,2022,2022,cp_1,66.6700877,67.98916266,66.00017735,1,1,0
8169,8169_2022,0,2D,2022,2022,int_1,0.608667564,0.844802438,0.376171526,1,1,0
8169,8169_2022,0,2D,2022,2022,int_2,2.667214761,2.849145522,2.484816116,1,1,0
8169,8169_2022,0,2D,2022,2022,sigma_1,0.677139114,0.783739413,0.580254328,1,1,0
8172,8172_2022,1,2D,2022,2022,cp_1,75.92525462,77.9997353,73.05051092,1,0,0
8172,8172_2022,1,2D,2022,2022,int_1,0.266288623,0.467820546,0.060022205,1,0,0
8172,8172_2022,1,2D,2022,2022,int_2,0.871269345,0.9515454,0.7932603,1,0,0
8172,8172_2022,1,2D,2022,2022,sigma_1,0.25327,0.306861354,0.206251311,1,0,0
8173,8173_2022,0,2D,2022,2022,cp_1,76.99238429,78.44502476,73.99988883,1,0,0
8173,8173_2022,0,2D,2022,2022,int_1,0.611900146,0.796224619,0.423143594,1,0,0
8173,8173_2022,0,2D,2022,2022,int_2,1.349498667,1.427077667,1.272481125,1,0,0
8173,8173_2022,0,2D,2022,2022,sigma_1,0.245983039,0.296500232,0.197548318,1,0,0
8174,8174_2023,0,2D,2022,2023,cp_1,101.5367941,101.9962787,101.0038119,1,0,1
8174,8174_2023,0,2D,2022,2023,int_1,0.381720309,0.558603589,0.196029909,1,0,1
8174,8174_2023,0,2D,2022,2023,int_2,2.159710761,2.40567842,1.912263131,1,0,1
8174,8174_2023,0,2D,2022,2023,sigma_1,0.542292439,0.653785391,0.440814491,1,0,1
8174,8174_2022,0,2D,2022,2022,NA,NA,NA,NA,1,0,0
8175,8175_2022,1,2D,2022,2022,cp_1,74.38906594,79.35604405,71.0497322,1,0,0
8175,8175_2022,1,2D,2022,2022,int_1,0.782187075,1.053665592,0.541407637,1,0,0
8175,8175_2022,1,2D,2022,2022,int_2,1.37429069,1.452579578,1.296946348,1,0,0
8175,8175_2022,1,2D,2022,2022,sigma_1,0.252839292,0.304705148,0.204055355,1,0,0
8176,8176_2023,0,2D,2022,2023,cp_1,89.77138053,110.7038634,78.04234535,1,0,1
8176,8176_2023,0,2D,2022,2023,int_1,0.29734769,0.436046844,0.154609609,1,0,1
8176,8176_2023,0,2D,2022,2023,int_2,0.577411656,0.716934746,0.435940763,1,0,1
8176,8176_2023,0,2D,2022,2023,sigma_1,0.259549624,0.316823795,0.207397049,1,0,1
8176,8176_2022,1,2D,2022,2022,NA,NA,NA,NA,1,0,0
8177,8177_2022,0,2D,2022,2022,cp_1,70.11304656,73.9562114,67.7552119,1,0,0
8177,8177_2022,0,2D,2022,2022,int_1,0.429585847,0.67061756,0.20296951,1,0,0
8177,8177_2022,0,2D,2022,2022,int_2,1.357240875,1.464566637,1.24891334,1,0,0
8177,8177_2022,0,2D,2022,2022,sigma_1,0.348147103,0.412120255,0.287724647,1,0,0
8179,8179_2022,0,2D,2022,2022,cp_1,64.76261531,65.82414131,64.00018889,1,0,0
8179,8179_2022,0,2D,2022,2022,int_1,0.978280825,1.096685283,0.856560419,1,0,0
8179,8179_2022,0,2D,2022,2022,int_2,1.78122174,1.824970946,1.734265536,1,0,0
8179,8179_2022,0,2D,2022,2022,sigma_1,0.171031512,0.202757231,0.142099713,1,0,0
8180,8180_2022,1,2D,2022,2022,cp_1,109.8268434,112.0046077,102.8114245,1,0,0
8180,8180_2022,1,2D,2022,2022,int_1,0.966905373,1.02108991,0.910352243,1,0,0
8180,8180_2022,1,2D,2022,2022,int_2,1.522174212,1.66481243,1.357608555,1,0,0
8180,8180_2022,1,2D,2022,2022,sigma_1,0.191711801,0.226987648,0.158455357,1,0,0
8180,8180_2023,0,2D,2022,2023,cp_1,68.44930717,70.99988205,61.01493103,1,0,1
8180,8180_2023,0,2D,2022,2023,int_1,0.664585554,0.900157866,0.410776484,1,0,1
8180,8180_2023,0,2D,2022,2023,int_2,1.329667588,1.447931774,1.206276341,1,0,1
8180,8180_2023,0,2D,2022,2023,sigma_1,0.36527421,0.439624761,0.29729007,1,0,1
8181,8181_2022,1,2D,2022,2022,cp_1,80.00314319,113.4764202,56.00111672,1,0,0
8181,8181_2022,1,2D,2022,2022,int_1,0.679790303,0.909317154,0.437832453,1,0,0
8181,8181_2022,1,2D,2022,2022,int_2,0.765496978,0.894008903,0.570639454,1,0,0
8181,8181_2022,1,2D,2022,2022,sigma_1,0.285657561,0.337128643,0.237416514,1,0,0
8181,8181_2023,0,2D,2022,2023,cp_1,95.47188718,97.34689415,90.00030703,1,0,1
8181,8181_2023,0,2D,2022,2023,int_1,0.476523627,0.583561584,0.366794156,1,0,1
8181,8181_2023,0,2D,2022,2023,int_2,1.410012688,1.548976644,1.259318227,1,0,1
8181,8181_2023,0,2D,2022,2023,sigma_1,0.328367016,0.388857865,0.273143145,1,0,1
8183,8183_2022,1,2D,2022,2022,cp_1,90.50045748,90.9950769,90.04590385,1,1,0
8183,8183_2022,1,2D,2022,2022,int_1,1.337038966,1.544689072,1.12843887,1,1,0
8183,8183_2022,1,2D,2022,2022,int_2,9.247306955,9.474329626,9.023601511,1,1,0
8183,8183_2022,1,2D,2022,2022,sigma_1,0.629576053,0.746337171,0.524994415,1,1,0
8183,8183_2023,0,2D,2022,2023,cp_1,111.0774563,112.0000637,109.1599988,1,0,1
8183,8183_2023,0,2D,2022,2023,int_1,0.686043475,0.766586193,0.607383385,1,0,1
8183,8183_2023,0,2D,2022,2023,int_2,1.488843518,1.695046312,1.28120879,1,0,1
8183,8183_2023,0,2D,2022,2023,sigma_1,0.300500385,0.357096426,0.250652766,1,0,1
8184,8184_2022,0,2D,2022,2022,cp_1,90.50044146,90.97446362,90.02519894,0,1,0
8184,8184_2022,0,2D,2022,2022,int_1,0.971262027,1.195352454,0.749796595,0,1,0
8184,8184_2022,0,2D,2022,2022,int_2,9.390105442,9.633091675,9.150322713,0,1,0
8184,8184_2022,0,2D,2022,2022,sigma_1,0.669045924,0.790617176,0.553909092,0,1,0
8184,8184_2023,0,2D,2022,2023,cp_1,58.50001341,58.99773457,58.05102257,0,1,1
8184,8184_2023,0,2D,2022,2023,int_1,0.633719809,1.038813309,0.22442372,0,1,1
8184,8184_2023,0,2D,2022,2023,int_2,3.239515569,3.344444471,3.132323836,0,1,1
8184,8184_2023,0,2D,2022,2023,sigma_1,0.42128609,0.497631313,0.348885446,0,1,1
8185,8185_2022,0,2D,2022,2022,cp_1,64.67480949,67.1818257,63.19374343,1,0,0
8185,8185_2022,0,2D,2022,2022,int_1,0.56807282,0.754110139,0.393798247,1,0,0
8185,8185_2022,0,2D,2022,2022,int_2,1.347302449,1.414403927,1.281251527,1,0,0
8185,8185_2022,0,2D,2022,2022,sigma_1,0.249838802,0.296141961,0.206957823,1,0,0
8187,8187_2023,0,2D,2022,2023,cp_1,98.93260265,101.9964864,91.90354695,1,0,1
8187,8187_2023,0,2D,2022,2023,int_1,0.813298236,0.869044869,0.755592323,1,0,1
8187,8187_2023,0,2D,2022,2023,int_2,1.079276607,1.165957552,0.990268297,1,0,1
8187,8187_2023,0,2D,2022,2023,sigma_1,0.18488162,0.217369941,0.152795995,1,0,1
8188,8188_2022,0,2D,2022,2022,cp_1,95.43881908,95.99998704,94.74982127,1,0,0
8188,8188_2022,0,2D,2022,2022,int_1,0.766908852,0.915487101,0.621540213,1,0,0
8188,8188_2022,0,2D,2022,2022,int_2,1.908646009,2.06869466,1.754801041,1,0,0
8188,8188_2022,0,2D,2022,2022,sigma_1,0.392300697,0.473248005,0.316477535,1,0,0
8188,8188_2023,0,2D,2022,2023,cp_1,82.50079727,82.97880622,82.0295893,1,1,1
8188,8188_2023,0,2D,2022,2023,int_1,0.832178131,0.937234444,0.725826432,1,1,1
8188,8188_2023,0,2D,2022,2023,int_2,3.577198818,3.702477546,3.455151921,1,1,1
8188,8188_2023,0,2D,2022,2023,sigma_1,0.38472691999999997,0.443348742,0.329519388,1,1,1
8189,8189_2022,0,2D,2022,2022,cp_1,110.4993025,110.969527,110.0206612,1,0,0
8189,8189_2022,0,2D,2022,2022,int_1,0.862014043,0.924072154,0.798144187,1,0,0
8189,8189_2022,0,2D,2022,2022,int_2,2.334277377,2.466238332,2.201930149,1,0,0
8189,8189_2022,0,2D,2022,2022,sigma_1,0.209885562,0.252301075,0.169857145,1,0,0
8190,8190_2022,0,2D,2022,2022,cp_1,77.59943839,78.7291699,77.00007754,1,0,0
8190,8190_2022,0,2D,2022,2022,int_1,0.758621003,0.869994438,0.645702079,1,0,0
8190,8190_2022,0,2D,2022,2022,int_2,1.262757338,1.318441562,1.203357298,1,0,0
8190,8190_2022,0,2D,2022,2022,sigma_1,0.178870612,0.216949388,0.141949862,1,0,0
8202,8202_2022,1,4D,2022,2022,cp_1,85.50147662,85.97552558,85.02282205,0,1,0
8202,8202_2022,1,4D,2022,2022,int_1,0.669716973,0.756949043,0.582291305,0,1,0
8202,8202_2022,1,4D,2022,2022,int_2,3.229493832,3.347317363,3.112817349,0,1,0
8202,8202_2022,1,4D,2022,2022,sigma_1,0.32597955,0.377050103,0.277122954,0,1,0
8203,8203_2022,1,4D,2022,2022,cp_1,81.9902054,84.99804456,79.5482595,1,0,0
8203,8203_2022,1,4D,2022,2022,int_1,0.663711394,0.744902637,0.582219803,1,0,0
8203,8203_2022,1,4D,2022,2022,int_2,1.257143636,1.362122102,1.148795702,1,0,0
8203,8203_2022,1,4D,2022,2022,sigma_1,0.286084033,0.332590833,0.24208758,1,0,0
8203,8203_2023,0,4D,2022,2023,cp_1,94.49709254,94.96406622,94.01078903,1,0,1
8203,8203_2023,0,4D,2022,2023,int_1,0.387806616,0.455376422,0.320553324,1,0,1
8203,8203_2023,0,4D,2022,2023,int_2,1.836791238,1.941836416,1.732500076,1,0,1
8203,8203_2023,0,4D,2022,2023,sigma_1,0.271877767,0.312820418,0.233241586,1,0,1
8206,8206_2022,1,4D,2022,2022,cp_1,88.5074894,88.98505227,88.02934136,0,1,0
8206,8206_2022,1,4D,2022,2022,int_1,0.806759416,1.112020634,0.498628376,0,1,0
8206,8206_2022,1,4D,2022,2022,int_2,13.49274048,13.92503055,13.05313102,0,1,0
8206,8206_2022,1,4D,2022,2022,sigma_1,1.17701968,1.365482735,1.001444689,0,1,0
8207,8207_2022,0,4D,2022,2022,cp_1,102.5000839,103.9064637,101.0576061,1,1,0
8207,8207_2022,0,4D,2022,2022,int_1,0.668512638,0.794260492,0.544339014,1,1,0
8207,8207_2022,0,4D,2022,2022,int_2,5.234751595,5.502130736,4.950780139,1,1,0
8207,8207_2022,0,4D,2022,2022,sigma_1,0.522948578,0.608857838,0.444598625,1,1,0
8208,8208_2022,0,4D,2022,2022,cp_1,79.50035748,79.97724597,79.02858792,0,1,0
8208,8208_2022,0,4D,2022,2022,int_1,1.069144856,1.460901422,0.678748291,0,1,0
8208,8208_2022,0,4D,2022,2022,int_2,19.23400916,19.62310743,18.84346175,0,1,0
8208,8208_2022,0,4D,2022,2022,sigma_1,1.264100576,1.470059565,1.073208384,0,1,0
8209,8209_2023,0,4D,2022,2023,cp_1,79.61832432,80.58624259,79.00003431,1,0,1
8209,8209_2023,0,4D,2022,2023,int_1,0.376066178,0.455915508,0.296524212,1,0,1
8209,8209_2023,0,4D,2022,2023,int_2,1.251075369,1.337527051,1.164460933,1,0,1
8209,8209_2023,0,4D,2022,2023,sigma_1,0.281405242,0.325662341,0.240407123,1,0,1
8209,8209_2022,0,4D,2022,2022,NA,NA,NA,NA,1,0,0
8210,8210_2022,0,4D,2022,2022,cp_1,110.1718456,113.189917,108.0050048,1,0,0
8210,8210_2022,0,4D,2022,2022,int_1,1.342150262,1.417610427,1.263857816,1,0,0
8210,8210_2022,0,4D,2022,2022,int_2,2.000357096,2.220189472,1.781460205,1,0,0
8210,8210_2022,0,4D,2022,2022,sigma_1,0.325809944,0.378551729,0.276913702,1,0,0
8210,8210_2023,0,4D,2022,2023,cp_1,52.48172069,55.99949682,45.22641007,1,0,1
8210,8210_2023,0,4D,2022,2023,int_1,0.263260506,0.370012291,0.157416632,1,0,1
8210,8210_2023,0,4D,2022,2023,int_2,0.52083284,0.579115192,0.462160556,1,0,1
8210,8210_2023,0,4D,2022,2023,sigma_1,0.231870959,0.267366298,0.198098399,1,0,1
8211,8211_2023,0,4D,2022,2023,cp_1,79.65954572,80.68969045,79.00013021,1,0,1
8211,8211_2023,0,4D,2022,2023,int_1,0.395353031,0.478797844,0.314259076,1,0,1
8211,8211_2023,0,4D,2022,2023,int_2,1.257221079,1.34226334,1.171479261,1,0,1
8211,8211_2023,0,4D,2022,2023,sigma_1,0.27842083,0.323410315,0.237034275,1,0,1
8211,8211_2022,0,4D,2022,2022,NA,NA,NA,NA,1,0,0
8212,8212_2022,0,4D,2022,2022,cp_1,38.58585721,39.73782614,38.00000005,1,0,0
8212,8212_2022,0,4D,2022,2022,int_1,0.190673128,0.855547289,-0.437145851,1,0,0
8212,8212_2022,0,4D,2022,2022,int_2,1.648541511,1.750790864,1.551581306,1,0,0
8212,8212_2022,0,4D,2022,2022,sigma_1,0.449199243,0.522337131,0.381929257,1,0,0
8223,8223_2022,0,4D,2022,2022,cp_1,93.38447988,98.9989033,79.55968569,1,1,0
8223,8223_2022,0,4D,2022,2022,int_1,0.777592714,1.01383025,0.515436694,1,1,0
8223,8223_2022,0,4D,2022,2022,int_2,2.405669238,2.744563692,1.929329674,1,1,0
8223,8223_2022,0,4D,2022,2022,sigma_1,0.504416712,0.604760782,0.41172734,1,1,0
8223,8223_2023,0,4D,2022,2023,cp_1,113.4830699,113.9880275,113.0212199,1,1,1
8223,8223_2023,0,4D,2022,2023,int_1,0.885665173,1.029603519,0.741841524,1,1,1
8223,8223_2023,0,4D,2022,2023,int_2,7.538458456,7.999967062,7.064981315,1,1,1
8223,8223_2023,0,4D,2022,2023,sigma_1,0.60720653,0.708668018,0.509345967,1,1,1
8225,8225_2022,0,4D,2022,2022,cp_1,78.50429749,78.99393925,78.01420577,1,0,0
8225,8225_2022,0,4D,2022,2022,int_1,0.646688032,0.746723534,0.548994321,1,0,0
8225,8225_2022,0,4D,2022,2022,int_2,1.4668228,1.55357418,1.380289378,1,0,0
8225,8225_2022,0,4D,2022,2022,sigma_1,0.249012809,0.298270617,0.20404964,1,0,0
8225,8225_2023,0,4D,2022,2023,cp_1,73.24796043,76.90474381,70.96657553,1,0,1
8225,8225_2023,0,4D,2022,2023,int_1,0.42252272,0.552507054,0.292647036,1,0,1
8225,8225_2023,0,4D,2022,2023,int_2,0.974681983,1.075978799,0.874917284,1,0,1
8225,8225_2023,0,4D,2022,2023,sigma_1,0.343140099,0.400336927,0.289141839,1,0,1
8226,8226_2022,0,4D,2022,2022,cp_1,78.50659686,78.98586604,78.03019431,1,0,0
8226,8226_2022,0,4D,2022,2022,int_1,0.424979557,0.507811299,0.340815461,1,0,0
8226,8226_2022,0,4D,2022,2022,int_2,1.27373042,1.342036335,1.205138874,1,0,0
8226,8226_2022,0,4D,2022,2022,sigma_1,0.212260043,0.251192972,0.175976108,1,0,0
8260,8260_2022,1,4D,2022,2022,cp_1,113.4757671,114.5432611,112.0010488,0,0,0
8260,8260_2022,1,4D,2022,2022,int_1,0.588274782,0.727560827,0.448931936,0,0,0
8260,8260_2022,1,4D,2022,2022,int_2,2.101132679,2.486293453,1.71539274,0,0,0
8260,8260_2022,1,4D,2022,2022,sigma_1,0.498450861,0.596139014,0.407593067,0,0,0
8260,8260_2023,0,4D,2022,2023,cp_1,83.49813003,83.96522965,83.01754116,0,1,1
8260,8260_2023,0,4D,2022,2023,int_1,0.514158517,0.632837769,0.400431774,0,1,1
8260,8260_2023,0,4D,2022,2023,int_2,3.721739911,3.811157035,3.62882195,0,1,1
8260,8260_2023,0,4D,2022,2023,sigma_1,0.280822494,0.334148763,0.230478913,0,1,1
8261,8261_2022,0,4D,2022,2022,cp_1,89.90124305,90.87568563,89.00271875,0,0,0
8261,8261_2022,0,4D,2022,2022,int_1,0.582728069,0.718359823,0.454036426,0,0,0
8261,8261_2022,0,4D,2022,2022,int_2,2.515846723,2.644348243,2.387718594,0,0,0
8261,8261_2022,0,4D,2022,2022,sigma_1,0.350115612,0.416809025,0.287782779,0,0,0
8262,8262_2022,0,4D,2022,2022,cp_1,66.48505749,66.96385486,66.00222766,1,0,0
8262,8262_2022,0,4D,2022,2022,int_1,1.11047697,1.306432305,0.915318128,1,0,0
8262,8262_2022,0,4D,2022,2022,int_2,0.368791491,0.429246368,0.307032811,1,0,0
8262,8262_2022,0,4D,2022,2022,sigma_1,0.220953506,0.264318665,0.179970553,1,0,0
8405,8405_2022,0,3D,2022,2022,cp_1,112.2838214,113.8433136,111.0000087,1,0,0
8405,8405_2022,0,3D,2022,2022,int_1,1.535525481,1.640018355,1.425125722,1,0,0
8405,8405_2022,0,3D,2022,2022,int_2,3.544803527,3.926145511,3.172253893,1,0,0
8405,8405_2022,0,3D,2022,2022,sigma_1,0.481071037,0.555293719,0.412744664,1,0,0
8407,8407_2022,1,3D,2022,2022,cp_1,42.81935838,43.93450587,42.00002114,1,0,0
8407,8407_2022,1,3D,2022,2022,int_1,0.370787836,0.604104649,0.140782187,1,0,0
8407,8407_2022,1,3D,2022,2022,int_2,1.376822644,1.47376319,1.276484728,1,0,0
8407,8407_2022,1,3D,2022,2022,sigma_1,0.390552698,0.458001207,0.328033448,1,0,0
8408,8408_2022,0,3D,2022,2022,cp_1,44.43890848,45.92498516,43.00304545,1,0,0
8408,8408_2022,0,3D,2022,2022,int_1,0.389596108,0.642188792,0.133673422,1,0,0
8408,8408_2022,0,3D,2022,2022,int_2,2.038956267,2.133004941,1.943311032,1,0,0
8408,8408_2022,0,3D,2022,2022,sigma_1,0.411804382,0.476194351,0.352262612,1,0,0
8451,8451_2022,0,5C,2022,2022,cp_1,94.50809431,94.99974306,94.04571452,1,1,0
8451,8451_2022,0,5C,2022,2022,int_1,0.516734748,0.60074503,0.431048569,1,1,0
8451,8451_2022,0,5C,2022,2022,int_2,2.660020901,2.79011054,2.528342112,1,1,0
8451,8451_2022,0,5C,2022,2022,sigma_1,0.340324562,0.393803109,0.291980322,1,1,0
8453,8453_2022,0,5C,2022,2022,cp_1,96.5004111,96.98724149,96.03645939,1,1,0
8453,8453_2022,0,5C,2022,2022,int_1,0.545899476,0.653809335,0.436213473,1,1,0
8453,8453_2022,0,5C,2022,2022,int_2,3.522080324,3.69818284,3.344047929,1,1,0
8453,8453_2022,0,5C,2022,2022,sigma_1,0.442302009,0.509713054,0.378833255,1,1,0
8455,8455_2022,1,5C,2022,2022,cp_1,106.450963,106.9994824,106.0032659,0,1,0
8455,8455_2022,1,5C,2022,2022,int_1,0.870577374,0.992372094,0.750835561,0,1,0
8455,8455_2022,1,5C,2022,2022,int_2,4.112935172,4.397174737,3.824430152,0,1,0
8455,8455_2022,1,5C,2022,2022,sigma_1,0.52898518,0.611615881,0.453190699,0,1,0
8456,8456_2022,1,5C,2022,2022,cp_1,90.71422239,91.99992642,89.97040073,0,1,0
8456,8456_2022,1,5C,2022,2022,int_1,0.855601802,1.141420326,0.577504185,0,1,0
8456,8456_2022,1,5C,2022,2022,int_2,3.319249902,3.726818505,2.919926568,0,1,0
8456,8456_2022,1,5C,2022,2022,sigma_1,1.105490125,1.276358861,0.945533654,0,1,0
8460,8460_2022,0,5C,2022,2022,cp_1,89.94595627,90.99999106,88.05147371,1,0,0
8460,8460_2022,0,5C,2022,2022,int_1,0.405526661,0.463024287,0.346597492,1,0,0
8460,8460_2022,0,5C,2022,2022,int_2,0.929597869,1.011619682,0.850624319,1,0,0
8460,8460_2022,0,5C,2022,2022,sigma_1,0.21888792,0.252988005,0.185921714,1,0,0
8461,8461_2022,0,5C,2022,2022,cp_1,91.01424748,93.60117891,90.00003944,1,0,0
8461,8461_2022,0,5C,2022,2022,int_1,0.834513196,0.994865859,0.671941746,1,0,0
8461,8461_2022,0,5C,2022,2022,int_2,2.187587787,2.418106184,1.95695703,1,0,0
8461,8461_2022,0,5C,2022,2022,sigma_1,0.606383536,0.702688657,0.515816718,1,0,0
8462,8462_2022,0,5C,2022,2022,cp_1,88.41887132,90.9997559,86.62573726,1,0,0
8462,8462_2022,0,5C,2022,2022,int_1,0.563740725,0.616217214,0.511195681,1,0,0
8462,8462_2022,0,5C,2022,2022,int_2,0.906276108,0.97565328,0.837418727,1,0,0
8462,8462_2022,0,5C,2022,2022,sigma_1,0.195783287,0.225902505,0.166579995,1,0,0
8462,8462_2023,0,5C,2022,2023,cp_1,41.30034114,41.99999583,40.23697989,1,0,1
8462,8462_2023,0,5C,2022,2023,int_1,0.258547882,0.490242055,0.024199678,1,0,1
8462,8462_2023,0,5C,2022,2023,int_2,1.338247651,1.419364101,1.258032891,1,0,1
8462,8462_2023,0,5C,2022,2023,sigma_1,0.364690166,0.421055613,0.311989768,1,0,1
8463,8463_2022,1,5C,2022,2022,cp_1,99.50281124,99.99688993,99.04712948,0,1,0
8463,8463_2022,1,5C,2022,2022,int_1,1.120397932,1.378486634,0.869761661,0,1,0
8463,8463_2022,1,5C,2022,2022,int_2,11.23326018,11.70767362,10.75933927,0,1,0
8463,8463_2022,1,5C,2022,2022,sigma_1,1.04786239,1.212341099,0.89295684,0,1,0
8464,8464_2022,1,5C,2022,2022,cp_1,86.85576336,112.6408218,35.09622101,1,0,0
8464,8464_2022,1,5C,2022,2022,int_1,0.63858135,0.829212089,0.484692898,1,0,0
8464,8464_2022,1,5C,2022,2022,int_2,0.95683621,1.16561204,0.736568674,1,0,0
8464,8464_2022,1,5C,2022,2022,sigma_1,0.386218342,0.44990236,0.326252397,1,0,0
8464,8464_2023,0,5C,2022,2023,cp_1,90.91543249,98.99999001,70.86172469,1,0,1
8464,8464_2023,0,5C,2022,2023,int_1,1.179724698,1.31894696,1.037240476,1,0,1
8464,8464_2023,0,5C,2022,2023,int_2,0.603218414,0.827809948,0.387291292,1,0,1
8464,8464_2023,0,5C,2022,2023,sigma_1,0.474180427,0.548067051,0.405353487,1,0,1
8467,8467_2022,0,5C,2022,2022,cp_1,81.11947385,83.98673731,75.11410105,1,0,0
8467,8467_2022,0,5C,2022,2022,int_1,0.130892538,0.224481147,0.038219517,1,0,0
8467,8467_2022,0,5C,2022,2022,int_2,0.603953606,0.676041872,0.531155093,1,0,0
8467,8467_2022,0,5C,2022,2022,sigma_1,0.214804424,0.254507701,0.177610377,1,0,0
8468,8468_2022,0,5C,2022,2022,cp_1,96.99840148,97.9507242,96.04715408,1,1,0
8468,8468_2022,0,5C,2022,2022,int_1,1.328592933,1.888346727,0.790015129,1,1,0
8468,8468_2022,0,5C,2022,2022,int_2,13.14277684,13.88276676,12.41682582,1,1,0
8468,8468_2022,0,5C,2022,2022,sigma_1,1.273654187,1.606448758,0.965384406,1,1,0
8469,8469_2022,0,5C,2022,2022,cp_1,68.45224745,68.99999024,67.93236519,1,0,0
8469,8469_2022,0,5C,2022,2022,int_1,0.918713302,1.088272874,0.752965219,1,0,0
8469,8469_2022,0,5C,2022,2022,int_2,2.271368054,2.354282666,2.189215841,1,0,0
8469,8469_2022,0,5C,2022,2022,sigma_1,0.300427221,0.35550929,0.249409782,1,0,0
8471,8471_2022,0,5C,2022,2022,cp_1,98.61188745,100.9862891,96.01262271,1,1,0
8471,8471_2022,0,5C,2022,2022,int_1,2.079513819,2.2371701,1.924400225,1,1,0
8471,8471_2022,0,5C,2022,2022,int_2,3.365084896,3.600658747,3.136093583,1,1,0
8471,8471_2022,0,5C,2022,2022,sigma_1,0.516534979,0.610251933,0.426425335,1,1,0
8472,8472_2022,1,5C,2022,2022,cp_1,119.4975694,119.9685563,119.0207331,0,0,0
8472,8472_2022,1,5C,2022,2022,int_1,0.383069655,0.431833279,0.333256754,0,0,0
8472,8472_2022,1,5C,2022,2022,int_2,2.286021763,2.681460816,1.882314043,0,0,0
8472,8472_2022,1,5C,2022,2022,sigma_1,0.200648224,0.236534245,0.16596514,0,0,0
8472,8472_2023,0,5C,2022,2023,NA,NA,NA,NA,0,0,1
8473,8473_2022,0,5C,2022,2022,NA,NA,NA,NA,1,0,0
8474,8474_2022,0,5C,2022,2022,cp_1,97.08927954,98.0002033,95.2325914,1,0,0
8474,8474_2022,0,5C,2022,2022,int_1,0.617633608,0.729882859,0.50407998,1,0,0
8474,8474_2022,0,5C,2022,2022,int_2,1.418908155,1.565177627,1.261027467,1,0,0
8474,8474_2022,0,5C,2022,2022,sigma_1,0.370121054,0.438605897,0.306281558,1,0,0
8478,8478_2022,1,5C,2022,2022,cp_1,94.60030008,95.81587365,94.00002871,0,1,0
8478,8478_2022,1,5C,2022,2022,int_1,0.375529552,0.709504893,0.046705472,0,1,0
8478,8478_2022,1,5C,2022,2022,int_2,6.866056902,7.260720138,6.483420023,0,1,0
8478,8478_2022,1,5C,2022,2022,sigma_1,0.970988312,1.159786056,0.796861838,0,1,0
8479,8479_2022,1,5C,2022,2022,cp_1,93.5007308,93.9755269,93.02680603,0,1,0
8479,8479_2022,1,5C,2022,2022,int_1,0.290171032,0.446583163,0.133239344,0,1,0
8479,8479_2022,1,5C,2022,2022,int_2,3.951768679,4.128337203,3.778542511,0,1,0
8479,8479_2022,1,5C,2022,2022,sigma_1,0.455397136,0.542681111,0.373483742,0,1,0
8479,8479_2023,0,5C,2022,2023,cp_1,94.1534999,94.99999812,92.0770159,0,0,1
8479,8479_2023,0,5C,2022,2023,int_1,0.403282403,0.462551353,0.345120196,0,0,1
8479,8479_2023,0,5C,2022,2023,int_2,0.89187821,0.984756357,0.797342693,0,0,1
8479,8479_2023,0,5C,2022,2023,sigma_1,0.235354624,0.271108003,0.200023606,0,0,1
8483,8483_2022,0,5C,2022,2022,cp_1,112.1103627,113.9998837,109.0269335,1,0,0
8483,8483_2022,0,5C,2022,2022,int_1,0.991744862,1.069214416,0.911972484,1,0,0
8483,8483_2022,0,5C,2022,2022,int_2,1.621332793,1.843114925,1.389782693,1,0,0
8483,8483_2022,0,5C,2022,2022,sigma_1,0.281196444,0.334077804,0.228422588,1,0,0
8501,8501_2022,0,5C,2022,2022,cp_1,102.6115411,103.8143285,102.0000105,1,0,0
8501,8501_2022,0,5C,2022,2022,int_1,0.717843682,0.806436426,0.624859262,1,0,0
8501,8501_2022,0,5C,2022,2022,int_2,2.133927449,2.295179935,1.972300888,1,0,0
8501,8501_2022,0,5C,2022,2022,sigma_1,0.340517801,0.399168812,0.285892886,1,0,0
8501,8501_2023,0,5C,2022,2023,cp_1,81.48548014,81.97771261,81.01230332,1,1,1
8501,8501_2023,0,5C,2022,2023,int_1,0.209396019,0.482880197,-0.068763091,1,1,1
8501,8501_2023,0,5C,2022,2023,int_2,4.082801218,4.386609798,3.765983223,1,1,1
8501,8501_2023,0,5C,2022,2023,sigma_1,0.989760775,1.144716922,0.848415225,1,1,1
8502,8502_2022,0,5C,2022,2022,cp_1,101.1031974,102.9993331,97.35696707,1,1,0
8502,8502_2022,0,5C,2022,2022,int_1,1.398146867,1.581563536,1.210933115,1,1,0
8502,8502_2022,0,5C,2022,2022,int_2,4.058117041,4.508061797,3.580865383,1,1,0
8502,8502_2022,0,5C,2022,2022,sigma_1,0.641195742,0.755036334,0.52838275,1,1,0
8503,8503_2022,1,5C,2022,2022,cp_1,102.6995958,103.7439907,102.0000323,0,1,0
8503,8503_2022,1,5C,2022,2022,int_1,0.874487518,0.943280438,0.805743346,0,1,0
8503,8503_2022,1,5C,2022,2022,int_2,2.784578,2.911566509,2.659720861,0,1,0
8503,8503_2022,1,5C,2022,2022,sigma_1,0.254152682,0.298263063,0.214075913,0,1,0
8504,8504_2022,0,5C,2022,2022,cp_1,99.5220609,99.97653124,99.00482668,0,0,0
8504,8504_2022,0,5C,2022,2022,int_1,0.476065171,0.553615546,0.406524707,0,0,0
8504,8504_2022,0,5C,2022,2022,int_2,1.779952087,1.896351482,1.665593609,0,0,0
8504,8504_2022,0,5C,2022,2022,sigma_1,0.268065588,0.312756894,0.224297306,0,0,0
8505,8505_2022,0,5C,2022,2022,cp_1,95.50221345,95.96457496,95.0111576,1,0,0
8505,8505_2022,0,5C,2022,2022,int_1,1.009176948,1.088413966,0.930618609,1,0,0
8505,8505_2022,0,5C,2022,2022,int_2,2.597817288,2.706415941,2.485043266,1,0,0
8505,8505_2022,0,5C,2022,2022,sigma_1,0.277170506,0.325042096,0.232068717,1,0,0
8576,8576_2023,0,2D,2023,2023,cp_1,34.37643542,34.99991515,33.12282762,1,0,0
8576,8576_2023,0,2D,2023,2023,int_1,0.609188303,1.007937715,0.210868366,1,0,0
8576,8576_2023,0,2D,2023,2023,int_2,1.659542905,1.724849718,1.592623526,1,0,0
8576,8576_2023,0,2D,2023,2023,sigma_1,0.3121598,0.360897798,0.266135109,1,0,0
8578,8578_2023,0,2D,2023,2023,NA,NA,NA,NA,1,0,0
8579,8579_2023,1,2D,2023,2023,cp_1,94.49786279,94.97311504,94.02452125,1,1,0
8579,8579_2023,1,2D,2023,2023,int_1,1.89457627,1.993493446,1.79740408,1,1,0
8579,8579_2023,1,2D,2023,2023,int_2,5.205708886,5.356504516,5.050433121,1,1,0
8579,8579_2023,1,2D,2023,2023,sigma_1,0.393072939,0.45427033,0.335936203,1,1,0
8580,8580_2023,0,2D,2023,2023,cp_1,39.60539421,40.99997704,35.678975,0,0,0
8580,8580_2023,0,2D,2023,2023,int_1,0.459033455,0.707864456,0.19617103,0,0,0
8580,8580_2023,0,2D,2023,2023,int_2,1.088769878,1.191160488,0.982834305,0,0,0
8580,8580_2023,0,2D,2023,2023,sigma_1,0.316952722,0.38675785,0.254866952,0,0,0
8581,8581_2023,0,2D,2023,2023,cp_1,85.62747967,86.68628049,85.00001017,1,0,0
8581,8581_2023,0,2D,2023,2023,int_1,1.218548213,1.345306962,1.089497703,1,0,0
8581,8581_2023,0,2D,2023,2023,int_2,2.755505062,2.879899449,2.631129,1,0,0
8581,8581_2023,0,2D,2023,2023,sigma_1,0.359580104,0.426235068,0.298017338,1,0,0
8585,8585_2023,0,2D,2023,2023,cp_1,81.09051691,81.9996551,80.03680282,1,0,0
8585,8585_2023,0,2D,2023,2023,int_1,0.913896559,1.072474665,0.75568731200000006,1,0,0
8585,8585_2023,0,2D,2023,2023,int_2,1.702186855,1.840928266,1.56431695,1,0,0
8585,8585_2023,0,2D,2023,2023,sigma_1,0.419108255,0.498982618,0.349542704,1,0,0
8586,8586_2023,1,2D,2023,2023,cp_1,94.51751918,95.99816534,93.11472847,0,1,0
8586,8586_2023,1,2D,2023,2023,int_1,0.991623935,1.637327727,0.332088715,0,1,0
8586,8586_2023,1,2D,2023,2023,int_2,14.33290266,15.08080008,13.58826083,0,1,0
8586,8586_2023,1,2D,2023,2023,sigma_1,1.870982731,2.242818284,1.538012566,0,1,0
8601,8601_2023,0,2D,2023,2023,cp_1,110.5856157,111.9999276,109.5069128,1,0,0
8601,8601_2023,0,2D,2023,2023,int_1,0.395409298,0.480646417,0.311805905,1,0,0
8601,8601_2023,0,2D,2023,2023,int_2,1.083389835,1.310170521,0.86064249,1,0,0
8601,8601_2023,0,2D,2023,2023,sigma_1,0.350122798,0.409725379,0.296642822,1,0,0
8602,8602_2023,0,2D,2023,2023,cp_1,90.79289192,91.91872705,90.00007717,1,0,0
8602,8602_2023,0,2D,2023,2023,int_1,1.380444173,1.47794405,1.279892748,1,0,0
8602,8602_2023,0,2D,2023,2023,int_2,2.337708698,2.463625942,2.203776227,1,0,0
8602,8602_2023,0,2D,2023,2023,sigma_1,0.344509667,0.401955041,0.2901815,1,0,0
8603,8603_2023,0,2D,2023,2023,cp_1,74.42837288,84.74819108,65.00111028,1,0,0
8603,8603_2023,0,2D,2023,2023,int_1,1.101887929,1.187168261,1.015579323,1,0,0
8603,8603_2023,0,2D,2023,2023,int_2,0.875140771,0.944223083,0.805815478,1,0,0
8603,8603_2023,0,2D,2023,2023,sigma_1,0.213506135,0.249106489,0.180041709,1,0,0
8604,8604_2023,0,2D,2023,2023,cp_1,45.51441955,45.99630102,45.03308426,1,0,0
8604,8604_2023,0,2D,2023,2023,int_1,0.117838422,0.324266528,-0.095054493,1,0,0
8604,8604_2023,0,2D,2023,2023,int_2,1.209570304,1.263882335,1.154683407,1,0,0
8604,8604_2023,0,2D,2023,2023,sigma_1,0.235790461,0.274171673,0.199158524,1,0,0
8605,8605_2023,0,2D,2023,2023,cp_1,41.88087979,42.8996818,41.00011405,1,0,0
8605,8605_2023,0,2D,2023,2023,int_1,0.271111087,0.839822029,-0.315091278,1,0,0
8605,8605_2023,0,2D,2023,2023,int_2,1.246638997,1.311276572,1.180699688,1,0,0
8605,8605_2023,0,2D,2023,2023,sigma_1,0.287719953,0.335541997,0.243594635,1,0,0
8625,8625_2023,0,2D,2023,2023,cp_1,86.23471607,115.6552141,68.00079132,1,0,0
8625,8625_2023,0,2D,2023,2023,int_1,0.712490962,1.083876751,0.311874332,1,0,0
8625,8625_2023,0,2D,2023,2023,int_2,0.891746377,1.088702656,0.65068826,1,0,0
8625,8625_2023,0,2D,2023,2023,sigma_1,0.39578749,0.475655724,0.320689196,1,0,0
8628,8628_2023,0,2D,2023,2023,cp_1,118.5005436,118.9813538,118.0314235,1,0,0
8628,8628_2023,0,2D,2023,2023,int_1,0.830678088,0.903278907,0.756836227,1,0,0
8628,8628_2023,0,2D,2023,2023,int_2,3.381201665,3.754384793,3.012177839,1,0,0
8628,8628_2023,0,2D,2023,2023,sigma_1,0.267342011,0.320989412,0.216543222,1,0,0
8630,8630_2023,0,2D,2023,2023,NA,NA,NA,NA,1,0,0
8651,8651_2023,0,2D,2023,2023,NA,NA,NA,NA,1,0,0
8659,8659_2023,1,2D,2023,2023,NA,NA,NA,NA,1,0,0
8660,8660_2023,1,2D,2023,2023,cp_1,104.4925143,104.9759377,104.0169794,1,0,0
8660,8660_2023,1,2D,2023,2023,int_1,0.691327439,0.786129994,0.595291489,1,0,0
8660,8660_2023,1,2D,2023,2023,int_2,2.344447161,2.487050352,2.204963652,1,0,0
8660,8660_2023,1,2D,2023,2023,sigma_1,0.288515864,0.348577721,0.232867437,1,0,0
8661,8661_2023,0,2D,2023,2023,cp_1,74.48068047,74.96975625,74.00126811,1,0,0
8661,8661_2023,0,2D,2023,2023,int_1,0.305869952,0.447831671,0.163995357,1,0,0
8661,8661_2023,0,2D,2023,2023,int_2,1.436761566,1.487413971,1.386053583,1,0,0
8661,8661_2023,0,2D,2023,2023,sigma_1,0.171742868,0.208548294,0.139329457,1,0,0
8663,8663_2023,0,2D,2023,2023,cp_1,77.41286411,77.99992886,76.5641934,1,0,0
8663,8663_2023,0,2D,2023,2023,int_1,0.22953218,0.383347541,0.066313149,1,0,0
8663,8663_2023,0,2D,2023,2023,int_2,1.233782431,1.305139261,1.161704688,1,0,0
8663,8663_2023,0,2D,2023,2023,sigma_1,0.235669381,0.285377372,0.191042528,1,0,0
8664,8664_2023,0,2D,2023,2023,cp_1,75.49529191,75.97788982,75.02415206,0,0,0
8664,8664_2023,0,2D,2023,2023,int_1,0.181229523,0.258871817,0.10315461,0,0,0
8664,8664_2023,0,2D,2023,2023,int_2,0.9898332,1.020203246,0.959018953,0,0,0
8664,8664_2023,0,2D,2023,2023,sigma_1,0.103546701,0.125075839,0.083596183,0,0,0
8665,8665_2023,1,2D,2023,2023,cp_1,94.43606182,94.99997422,93.77952854,0,0,0
8665,8665_2023,1,2D,2023,2023,int_1,0.851725571,0.997801992,0.707994521,0,0,0
8665,8665_2023,1,2D,2023,2023,int_2,2.198734172,2.340550556,2.053637177,0,0,0
8665,8665_2023,1,2D,2023,2023,sigma_1,0.371187321,0.447532998,0.29877893,0,0,0
8666,8666_2023,0,2D,2023,2023,cp_1,96.93507609,98.21636078,95.00121379,1,1,0
8666,8666_2023,0,2D,2023,2023,int_1,1.367646948,1.570179238,1.172932311,1,1,0
8666,8666_2023,0,2D,2023,2023,int_2,3.040387134,3.257913449,2.818562667,1,1,0
8666,8666_2023,0,2D,2023,2023,sigma_1,0.526333752,0.634662645,0.42548238,1,1,0
8667,8667_2023,0,2D,2023,2023,cp_1,100.3202692,100.9999505,99.26836231,1,1,0
8667,8667_2023,0,2D,2023,2023,int_1,1.281914392,1.397196434,1.162642707,1,1,0
8667,8667_2023,0,2D,2023,2023,int_2,2.838363279,2.988083059,2.689895138,1,1,0
8667,8667_2023,0,2D,2023,2023,sigma_1,0.329451182,0.397529243,0.266344012,1,1,0
8668,8668_2023,0,2D,2023,2023,NA,NA,NA,NA,0,0,0
8669,8669_2023,0,2D,2023,2023,cp_1,76.49995151,76.98264414,76.0327688,1,0,0
8669,8669_2023,0,2D,2023,2023,int_1,0.917023154,1.032144984,0.79829327,1,0,0
8669,8669_2023,0,2D,2023,2023,int_2,2.473852042,2.556363389,2.395386107,1,0,0
8669,8669_2023,0,2D,2023,2023,sigma_1,0.226800927,0.276649522,0.180532776,1,0,0
8670,8670_2023,0,2D,2023,2023,cp_1,70.517313239999993,71.59091821,69.97862097,1,1,0
8670,8670_2023,0,2D,2023,2023,int_1,1.185203453,1.531424279,0.833331639,1,1,0
8670,8670_2023,0,2D,2023,2023,int_2,4.24994557,4.408407894,4.086123675,1,1,0
8670,8670_2023,0,2D,2023,2023,sigma_1,0.507231304,0.619919587,0.405962001,1,1,0
8671,8671_2023,0,2D,2023,2023,cp_1,79.61016789,90.99999218,68.41575795,1,0,0
8671,8671_2023,0,2D,2023,2023,int_1,0.725637466,0.980299761,0.462665822,1,0,0
8671,8671_2023,0,2D,2023,2023,int_2,1.279301912,1.437578592,1.138209282,1,0,0
8671,8671_2023,0,2D,2023,2023,sigma_1,0.34005109,0.409173602,0.277615425,1,0,0
8672,8672_2023,0,2D,2023,2023,cp_1,100.4727844,110.6484208,76.04279727,0,1,0
8672,8672_2023,0,2D,2023,2023,int_1,1.512502929,1.930800465,0.697090287,0,1,0
8672,8672_2023,0,2D,2023,2023,int_2,3.854411515,4.477724038,2.801885494,0,1,0
8672,8672_2023,0,2D,2023,2023,sigma_1,0.742050324,0.91030099,0.585860098,0,1,0
8674,8674_2023,0,2D,2023,2023,cp_1,53.01794695,57.70236835,48.22417538,1,1,0
8674,8674_2023,0,2D,2023,2023,int_1,0.60100289,1.090575658,0.110107763,1,1,0
8674,8674_2023,0,2D,2023,2023,int_2,3.357359366,3.483605548,3.230484511,1,1,0
8674,8674_2023,0,2D,2023,2023,sigma_1,0.502309446,0.596147137,0.418642975,1,1,0
8675,8675_2023,1,2D,2023,2023,cp_1,46.759354,47.87723998,46.00006061,0,0,0
8675,8675_2023,1,2D,2023,2023,int_1,0.268911564,0.691308206,-0.148476068,0,0,0
8675,8675_2023,1,2D,2023,2023,int_2,1.173342419,1.237832753,1.110248045,0,0,0
8675,8675_2023,1,2D,2023,2023,sigma_1,0.274296997,0.320566297,0.229540596,0,0,0
8751,8751_2023,0,4D,2022,2023,cp_1,54.49142499,54.99368003,54.03586922,0,1,1
8751,8751_2023,0,4D,2022,2023,int_1,0.589795878,0.719755199,0.46011495,0,1,1
8751,8751_2023,0,4D,2022,2023,int_2,4.176411435,4.252553153,4.101167376,0,1,1
8751,8751_2023,0,4D,2022,2023,sigma_1,0.312259579,0.360903524,0.267136281,0,1,1
8752,8752_2023,0,4D,2022,2023,cp_1,80.0343166,83.99987774,77.7671831,1,0,1
8752,8752_2023,0,4D,2022,2023,int_1,1.388620128,1.533202101,1.243096719,1,0,1
8752,8752_2023,0,4D,2022,2023,int_2,2.831974153,2.99470968,2.680586735,1,0,1
8752,8752_2023,0,4D,2022,2023,sigma_1,0.480848512,0.556766947,0.410805684,1,0,1
8753,8753_2023,1,4D,2023,2023,cp_1,117.3273239,117.9999255,116.2993247,1,0,0
8753,8753_2023,1,4D,2023,2023,int_1,0.818084303,0.94757642500000006,0.689511797,1,0,0
8753,8753_2023,1,4D,2023,2023,int_2,4.99477095,5.724109832,4.200690372,1,0,0
8753,8753_2023,1,4D,2023,2023,sigma_1,0.559426459,0.652316255,0.471211211,1,0,0
8754,8754_2023,0,4D,2023,2023,cp_1,91.57523672,92.60236137,91.00000568,0,0,0
8754,8754_2023,0,4D,2023,2023,int_1,0.688357374,0.845744247,0.532827318,0,0,0
8754,8754_2023,0,4D,2023,2023,int_2,2.369733456,2.571961103,2.161587506,0,0,0
8754,8754_2023,0,4D,2023,2023,sigma_1,0.559131986,0.652090072,0.471433158,0,0,0
8755,8755_2023,0,4D,2023,2023,cp_1,102.6357866,118.8765159,67.01070052,1,0,0
8755,8755_2023,0,4D,2023,2023,int_1,0.58412538,0.719549165,0.460884799,1,0,0
8755,8755_2023,0,4D,2023,2023,int_2,0.892932549,1.130504426,0.62384491500000006,1,0,0
8755,8755_2023,0,4D,2023,2023,sigma_1,0.361282329,0.422616703,0.303811783,1,0,0
8756,8756_2023,0,4D,2023,2023,cp_1,80.6069838,100.9572507,65.01306736,1,0,0
8756,8756_2023,0,4D,2023,2023,int_1,0.62155078,0.807411166,0.435483114,1,0,0
8756,8756_2023,0,4D,2023,2023,int_2,0.960190191,1.153615951,0.796150326,1,0,0
8756,8756_2023,0,4D,2023,2023,sigma_1,0.380260946,0.44540761,0.320879727,1,0,0
8757,8757_2023,0,4D,2023,2023,cp_1,85.47766717,119.0011879,66.28524633,0,0,0
8757,8757_2023,0,4D,2023,2023,int_1,0.668959354,0.861398583,0.473060736,0,0,0
8757,8757_2023,0,4D,2023,2023,int_2,0.945853874,1.2187058,0.742601862,0,0,0
8757,8757_2023,0,4D,2023,2023,sigma_1,0.392830691,0.458947764,0.329958041,0,0,0
8758,8758_2023,1,4D,2023,2023,cp_1,73.32527029,114.9670467,44.00053015,1,0,0
8758,8758_2023,1,4D,2023,2023,int_1,0.471083061,0.754961589,0.049721129,1,0,0
8758,8758_2023,1,4D,2023,2023,int_2,0.632357595,0.820815515,0.465760521,1,0,0
8758,8758_2023,1,4D,2023,2023,sigma_1,0.354338533,0.413422113,0.298271257,1,0,0
8759,8759_2023,0,4D,2023,2023,cp_1,52.49951709,52.97937094,52.030207420000004,1,1,0
8759,8759_2023,0,4D,2023,2023,int_1,0.608781041,0.892837156,0.315089488,1,1,0
8759,8759_2023,0,4D,2023,2023,int_2,4.83305609,4.93953482,4.727773759,1,1,0
8759,8759_2023,0,4D,2023,2023,sigma_1,0.443182634,0.518208276,0.373990289,1,1,0
8760,8760_2023,1,4D,2023,2023,cp_1,99.5488023,100.7258403,98.99228405,1,0,0
8760,8760_2023,1,4D,2023,2023,int_1,0.681021057,0.769187263,0.593918783,1,0,0
8760,8760_2023,1,4D,2023,2023,int_2,1.916885125,2.061102292,1.772981723,1,0,0
8760,8760_2023,1,4D,2023,2023,sigma_1,0.333879728,0.389697432,0.281426398,1,0,0
8761,8761_2023,0,4D,2023,2023,cp_1,88.38946339,101.8969967,64.53259242,1,0,0
8761,8761_2023,0,4D,2023,2023,int_1,0.455627613,0.537180693,0.375889107,1,0,0
8761,8761_2023,0,4D,2023,2023,int_2,0.672708378,0.884136339,0.476519503,1,0,0
8761,8761_2023,0,4D,2023,2023,sigma_1,0.247352494,0.29233658,0.203507514,1,0,0
8769,8769_2023,1,4D,2023,2023,NA,NA,NA,NA,1,0,0
8771,8771_2023,1,4D,2023,2023,cp_1,74.97668494,109.0599031,58.90323138,1,0,0
8771,8771_2023,1,4D,2023,2023,int_1,0.525787677,0.616519692,0.437712585,1,0,0
8771,8771_2023,1,4D,2023,2023,int_2,0.692912963,0.814249129,0.612776556,1,0,0
8771,8771_2023,1,4D,2023,2023,sigma_1,0.18392621,0.214557048,0.156119441,1,0,0
8773,8773_2023,1,4D,2023,2023,cp_1,102.4983731,102.9733606,102.0229744,0,1,0
8773,8773_2023,1,4D,2023,2023,int_1,1.200838253,1.354225616,1.047622252,0,1,0
8773,8773_2023,1,4D,2023,2023,int_2,9.411591549,9.715509468,9.107289684,0,1,0
8773,8773_2023,1,4D,2023,2023,sigma_1,0.654505032,0.756833068,0.558703544,0,1,0
8774,8774_2023,0,4D,2023,2023,cp_1,92.49419285,96.57164811,83.9989143,1,0,0
8774,8774_2023,0,4D,2023,2023,int_1,0.874569613,0.970587109,0.780355623,1,0,0
8774,8774_2023,0,4D,2023,2023,int_2,1.401549664,1.555397633,1.243813047,1,0,0
8774,8774_2023,0,4D,2023,2023,sigma_1,0.353512567,0.409569696,0.302003061,1,0,0
8775,8775_2023,1,4D,2023,2023,cp_1,95.39367075,96.76077272,94.00086188,1,0,0
8775,8775_2023,1,4D,2023,2023,int_1,0.71733087,0.790485893,0.643087396,1,0,0
8775,8775_2023,1,4D,2023,2023,int_2,1.412042455,1.536303833,1.284639462,1,0,0
8775,8775_2023,1,4D,2023,2023,sigma_1,0.294414449,0.341761379,0.251253732,1,0,0
8802,8802_2023,0,4D,2023,2023,cp_1,101.5042085,101.9775899,101.0269114,1,0,0
8802,8802_2023,0,4D,2023,2023,int_1,0.883735259,0.951780654,0.820487229,1,0,0
8802,8802_2023,0,4D,2023,2023,int_2,2.771865881,2.897321364,2.641236465,1,0,0
8802,8802_2023,0,4D,2023,2023,sigma_1,0.278851216,0.321843995,0.238162588,1,0,0
8803,8803_2023,0,4D,2023,2023,NA,NA,NA,NA,1,0,0
8804,8804_2023,0,4D,2023,2023,cp_1,94.40532069,94.99995071,93.41868803,0,0,0
8804,8804_2023,0,4D,2023,2023,int_1,0.167673429,0.331110817,0.007470095,0,0,0
8804,8804_2023,0,4D,2023,2023,int_2,1.643326567,1.895096261,1.391656142,0,0,0
8804,8804_2023,0,4D,2023,2023,sigma_1,0.648124329,0.746662958,0.551622194,0,0,0
8805,8805_2023,0,4D,2023,2023,cp_1,82.36689469,82.99999913,81.38193946,0,1,0
8805,8805_2023,0,4D,2023,2023,int_1,0.954801591,1.361079058,0.566818414,0,1,0
8805,8805_2023,0,4D,2023,2023,int_2,15.35002322,15.81759991,14.88238662,0,1,0
8805,8805_2023,0,4D,2023,2023,sigma_1,1.400052217,1.611801135,1.186899392,0,1,0
8806,8806_2023,0,4D,2023,2023,cp_1,101.3900234,101.9999656,100.4500726,1,0,0
8806,8806_2023,0,4D,2023,2023,int_1,0.219980325,0.294959638,0.143214144,1,0,0
8806,8806_2023,0,4D,2023,2023,int_2,2.230031013,2.376581699,2.082130159,1,0,0
8806,8806_2023,0,4D,2023,2023,sigma_1,0.320760122,0.370010646,0.272649212,1,0,0
8807,8807_2023,0,4D,2023,2023,cp_1,81.64107828,82.99875573,80.22873932,0,1,0
8807,8807_2023,0,4D,2023,2023,int_1,0.443784011,1.134179455,-0.226404028,0,1,0
8807,8807_2023,0,4D,2023,2023,int_2,13.80397352,14.58085415,13.01337129,0,1,0
8807,8807_2023,0,4D,2023,2023,sigma_1,2.342917088,2.696295255,2.000340293,0,1,0
8810,8810_2023,0,4D,2023,2023,cp_1,93.49946804,93.95285107,93.00456595,1,1,0
8810,8810_2023,0,4D,2023,2023,int_1,1.379474362,1.481820007,1.280433214,1,1,0
8810,8810_2023,0,4D,2023,2023,int_2,9.893130407,10.05117865,9.743645118,1,1,0
8810,8810_2023,0,4D,2023,2023,sigma_1,0.398772403,0.45983218,0.340761918,1,1,0
8811,8811_2023,0,4D,2023,2023,cp_1,112.4973559,112.9698538,112.0159312,0,1,0
8811,8811_2023,0,4D,2023,2023,int_1,1.78780248,1.911586074,1.658093287,0,1,0
8811,8811_2023,0,4D,2023,2023,int_2,5.814205683,6.204975657,5.418101944,0,1,0
8811,8811_2023,0,4D,2023,2023,sigma_1,0.563914676,0.650640099,0.479229705,0,1,0
8812,8812_2023,1,4D,2023,2023,cp_1,102.7908963,104.6806983,101.001543,0,1,0
8812,8812_2023,1,4D,2023,2023,int_1,4.988467627,5.913045779,4.067798103,0,1,0
8812,8812_2023,1,4D,2023,2023,int_2,19.85585863,21.7594388,17.97907626,0,1,0
8812,8812_2023,1,4D,2023,2023,sigma_1,3.710919381,4.306814364,3.148135995,0,1,0
8901,8901_2023,0,4D,2023,2023,cp_1,73.509524,73.97822048,73.01926579,1,0,0
8901,8901_2023,0,4D,2023,2023,int_1,1.663897986,1.853561116,1.46334638,1,0,0
8901,8901_2023,0,4D,2023,2023,int_2,0.592792888,0.723008758,0.467562799,1,0,0
8901,8901_2023,0,4D,2023,2023,sigma_1,0.44231412,0.522311793,0.368909831,1,0,0
8902,8902_2023,0,4D,2023,2023,cp_1,75.13657566,78.62812787,73.00019948,1,0,0
8902,8902_2023,0,4D,2023,2023,int_1,1.687190382,1.860195382,1.493539816,1,0,0
8902,8902_2023,0,4D,2023,2023,int_2,0.929276098,1.052570103,0.812710543,1,0,0
8902,8902_2023,0,4D,2023,2023,sigma_1,0.402871336,0.475773369,0.336150291,1,0,0
8903,8903_2023,0,4D,2023,2023,cp_1,109.0828313,113.9839955,103.401415,1,0,0
8903,8903_2023,0,4D,2023,2023,int_1,1.209684494,1.348351745,1.068174368,1,0,0
8903,8903_2023,0,4D,2023,2023,int_2,1.923675399,2.274870143,1.566955993,1,0,0
8903,8903_2023,0,4D,2023,2023,sigma_1,0.515354991,0.610404453,0.429742054,1,0,0
8904,8904_2023,1,4D,2023,2023,cp_1,89.35889961,89.99998072,88.3150356,1,1,0
8904,8904_2023,1,4D,2023,2023,int_1,1.25870085,1.623360176,0.897722705,1,1,0
8904,8904_2023,1,4D,2023,2023,int_2,5.678316877,6.071549331,5.285204682,1,1,0
8904,8904_2023,1,4D,2023,2023,sigma_1,1.089963063,1.284133799,0.902286494,1,1,0
8905,8905_2023,1,4D,2023,2023,cp_1,104.5026433,104.9707791,104.0168962,1,0,0
8905,8905_2023,1,4D,2023,2023,int_1,0.857021922,0.995174639,0.71769432,1,0,0
8905,8905_2023,1,4D,2023,2023,int_2,2.66787047,2.917772676,2.423962301,1,0,0
8905,8905_2023,1,4D,2023,2023,sigma_1,0.503351288,0.592504956,0.417623056,1,0,0
8906,8906_2023,0,4D,2023,2023,cp_1,56.49169227,56.98002876,56.00353667,0,0,0
8906,8906_2023,0,4D,2023,2023,int_1,0.768655704,1.019458199,0.513157739,0,0,0
8906,8906_2023,0,4D,2023,2023,int_2,2.025385575,2.104222597,1.943409199,0,0,0
8906,8906_2023,0,4D,2023,2023,sigma_1,0.210436688,0.271439646,0.156246431,0,0,0
8907,8907_2023,1,4D,2023,2023,cp_1,103.8464466,104.8663661,103.0003229,1,0,0
8907,8907_2023,1,4D,2023,2023,int_1,1.018438958,1.102317776,0.934302815,1,0,0
8907,8907_2023,1,4D,2023,2023,int_2,2.001012768,2.147580918,1.854918122,1,0,0
8907,8907_2023,1,4D,2023,2023,sigma_1,0.300072758,0.353563917,0.250167448,1,0,0
8908,8908_2023,0,4D,2023,2023,cp_1,99.92800238,112.266156,70.58635541,1,0,0
8908,8908_2023,0,4D,2023,2023,int_1,1.188275453,1.741676622,0.907257881,1,0,0
8908,8908_2023,0,4D,2023,2023,int_2,1.623076058,2.046304963,0.989440583,1,0,0
8908,8908_2023,0,4D,2023,2023,sigma_1,0.633759921,0.743816615,0.520468705,1,0,0
8909,8909_2023,0,4D,2023,2023,cp_1,99.76045072,100.9152004,99.0008574,1,1,0
8909,8909_2023,0,4D,2023,2023,int_1,1.244362096,1.444511461,1.04425317,1,1,0
8909,8909_2023,0,4D,2023,2023,int_2,3.376143186,3.682446383,3.08092986,1,1,0
8909,8909_2023,0,4D,2023,2023,sigma_1,0.681416113,0.804095132,0.567727094,1,1,0
8910,8910_2023,1,4D,2023,2023,cp_1,67.29061561,86.78312017,54.00272934,1,0,0
8910,8910_2023,1,4D,2023,2023,int_1,1.155786138,2.098494058,-0.157872152,1,0,0
8910,8910_2023,1,4D,2023,2023,int_2,1.314135412,1.831349515,0.710074453,1,0,0
8910,8910_2023,1,4D,2023,2023,sigma_1,0.823569565,1.027442975,0.635954129,1,0,0
8952,8952_2023,0,3D,2023,2023,cp_1,89.78746388,90.99995193,88.44457784,0,1,0
8952,8952_2023,0,3D,2023,2023,int_1,0.438626796,0.779322097,0.098387942,0,1,0
8952,8952_2023,0,3D,2023,2023,int_2,2.581992237,2.92121341,2.252827408,0,1,0
8952,8952_2023,0,3D,2023,2023,sigma_1,0.858577744,1.032969298,0.693307203,0,1,0
8953,8953_2023,1,3D,2023,2023,cp_1,89.14373652,90.99934695,86.92427109,0,0,0
8953,8953_2023,1,3D,2023,2023,int_1,0.46636042,0.709979805,0.223200822,0,0,0
8953,8953_2023,1,3D,2023,2023,int_2,1.905680781,2.141580176,1.662358219,0,0,0
8953,8953_2023,1,3D,2023,2023,sigma_1,0.595898999,0.725671888,0.480583941,0,0,0
8955,8955_2023,0,3D,2023,2023,cp_1,84.50286466,85.99919165,83.23648292,1,1,0
8955,8955_2023,0,3D,2023,2023,int_1,0.498604222,1.008473789,-0.024826565,1,1,0
8955,8955_2023,0,3D,2023,2023,int_2,3.55237758,3.958053142,3.146702081,1,1,0
8955,8955_2023,0,3D,2023,2023,sigma_1,1.151398338,1.393941416,0.93261416,1,1,0
8989,8989_2023,0,3D,2022,2023,cp_1,43.78826001,44.89690926,43.00000491,1,0,1
8989,8989_2023,0,3D,2022,2023,int_1,0.363857879,0.485603296,0.236062431,1,0,1
8989,8989_2023,0,3D,2022,2023,int_2,1.01771879,1.102441154,0.934553637,1,0,1
8989,8989_2023,0,3D,2022,2023,sigma_1,0.214952602,0.267964382,0.165814779,1,0,1
8990,8990_2023,0,3D,2022,2023,NA,NA,NA,NA,1,0,1
8991,8991_2023,0,3D,2022,2023,cp_1,48.05532196,78.53686622,32.36617433,1,0,1
8991,8991_2023,0,3D,2022,2023,int_1,0.45880627,1.144587664,-0.101627397,1,0,1
8991,8991_2023,0,3D,2022,2023,int_2,1.04093174,1.247855239,0.815852714,1,0,1
8991,8991_2023,0,3D,2022,2023,sigma_1,0.702236837,0.807921713,0.595575275,1,0,1
8992,8992_2023,1,3D,2023,2023,cp_1,91.13601611,92.02531625,89.62682554,1,1,0
8992,8992_2023,1,3D,2023,2023,int_1,0.758567506,1.227817451,0.287104275,1,1,0
8992,8992_2023,1,3D,2023,2023,int_2,4.628616478,5.368972902,3.865205378,1,1,0
8992,8992_2023,1,3D,2023,2023,sigma_1,1.834584174,2.127093066,1.550327584,1,1,0
8993,8993_2023,0,3D,2023,2023,cp_1,97.50024021,97.98845975,97.03878466,1,0,0
8993,8993_2023,0,3D,2023,2023,int_1,0.749238029,0.782839419,0.714950561,1,0,0
8993,8993_2023,0,3D,2023,2023,int_2,1.560850544,1.618473163,1.50331996,1,0,0
8993,8993_2023,0,3D,2023,2023,sigma_1,0.141172345,0.162836861,0.121092011,1,0,0
8995,8995_2023,1,3D,2023,2023,cp_1,91.12762683,92.00829585,89.20681713,0,1,0
8995,8995_2023,1,3D,2023,2023,int_1,0.856762549,1.33044353,0.385187626,0,1,0
8995,8995_2023,1,3D,2023,2023,int_2,4.401813968,5.080996196,3.723077857,0,1,0
8995,8995_2023,1,3D,2023,2023,sigma_1,1.847284057,2.133685585,1.577244688,0,1,0
8997,8997_2023,0,3D,2023,2023,cp_1,100.9929379,101.912025,100.0148707,1,0,0
8997,8997_2023,0,3D,2023,2023,int_1,0.301871184,0.338422001,0.266699934,1,0,0
8997,8997_2023,0,3D,2023,2023,int_2,1.046471113,1.116584451,0.976474517,1,0,0
8997,8997_2023,0,3D,2023,2023,sigma_1,0.150463518,0.17356983,0.12872991,1,0,0
8998,8998_2023,0,3D,2023,2023,cp_1,102.4904204,102.9702118,102.0150358,1,0,0
8998,8998_2023,0,3D,2023,2023,int_1,0.430589956,0.476709346,0.385732527,1,0,0
8998,8998_2023,0,3D,2023,2023,int_2,2.043840159,2.137636901,1.956388386,1,0,0
8998,8998_2023,0,3D,2023,2023,sigma_1,0.194562551,0.22418473,0.16583991,1,0,0
9000,9000_2023,0,3D,2023,2023,cp_1,101.2159607,101.9998826,100.1772171,1,0,0
9000,9000_2023,0,3D,2023,2023,int_1,0.522207397,0.579777561,0.465284297,1,0,0
9000,9000_2023,0,3D,2023,2023,int_2,1.3839013,1.493833388,1.272608594,1,0,0
9000,9000_2023,0,3D,2023,2023,sigma_1,0.241829545,0.279081576,0.206816266,1,0,0
9001,9001_2023,1,3D,2023,2023,cp_1,115.5030533,115.9658369,115.0117905,1,1,0
9001,9001_2023,1,3D,2023,2023,int_1,0.49189032,0.560606932,0.424632754,1,1,0
9001,9001_2023,1,3D,2023,2023,int_2,3.658881822,3.945240427,3.375568006,1,1,0
9001,9001_2023,1,3D,2023,2023,sigma_1,0.317641071,0.366505387,0.271044764,1,1,0
9002,9002_2023,0,3D,2023,2023,cp_1,89.69462735,91.98358598,86.56850577,0,0,0
9002,9002_2023,0,3D,2023,2023,int_1,0.832306561,0.962994754,0.706482047,0,0,0
9002,9002_2023,0,3D,2023,2023,int_2,2.137427943,2.315863572,1.958837968,0,0,0
9002,9002_2023,0,3D,2023,2023,sigma_1,0.437331927,0.512677913,0.368404788,0,0,0
9003,9003_2023,0,3D,2023,2023,NA,NA,NA,NA,1,0,0
9004,9004_2023,0,3D,2023,2023,NA,NA,NA,NA,1,0,0
9005,9005_2023,0,3D,2023,2023,NA,NA,NA,NA,1,0,0
9006,9006_2023,0,3D,2023,2023,cp_1,93.56574605,95.99854278,90.95941211,0,0,0
9006,9006_2023,0,3D,2023,2023,int_1,0.851066451,0.957407481,0.745492469,0,0,0
9006,9006_2023,0,3D,2023,2023,int_2,2.062988974,2.235539203,1.892507833,0,0,0
9006,9006_2023,0,3D,2023,2023,sigma_1,0.384513144,0.450057708,0.323579463,0,0,0
9007,9007_2023,0,3D,2023,2023,cp_1,87.80365023,89.93699763,87.00006185,1,0,0
9007,9007_2023,0,3D,2023,2023,int_1,0.565561699,0.63577219,0.498007106,1,0,0
9007,9007_2023,0,3D,2023,2023,int_2,1.249200108,1.331183351,1.167998503,1,0,0
9007,9007_2023,0,3D,2023,2023,sigma_1,0.234209354,0.273176589,0.19820283,1,0,0
9008,9008_2023,1,3D,2023,2023,cp_1,94.49889784,94.95303294,94.00452031,0,1,0
9008,9008_2023,1,3D,2023,2023,int_1,1.099072903,1.193139775,1.002950502,0,1,0
9008,9008_2023,1,3D,2023,2023,int_2,4.835266753,4.965941197,4.705834448,0,1,0
9008,9008_2023,1,3D,2023,2023,sigma_1,0.302544056,0.360549682,0.24761771,0,1,0
9009,9009_2023,1,3D,2023,2023,cp_1,93.98442439,94.91723757,93.01379709,0,0,0
9009,9009_2023,1,3D,2023,2023,int_1,1.165004258,1.317215959,1.020022275,0,0,0
9009,9009_2023,1,3D,2023,2023,int_2,2.852705912,3.034926499,2.675159247,0,0,0
9009,9009_2023,1,3D,2023,2023,sigma_1,0.46247478400000003,0.546675703,0.385273045,0,0,0
9010,9010_2023,0,3D,2023,2023,NA,NA,NA,NA,1,0,0
9013,9013_2023,0,3D,2023,2023,cp_1,102.2216711,107.749718,98.95420139,0,0,0
9013,9013_2023,0,3D,2023,2023,int_1,1.082029353,1.178722001,0.98579709,0,0,0
9013,9013_2023,0,3D,2023,2023,int_2,1.580540602,1.740076901,1.420681206,0,0,0
9013,9013_2023,0,3D,2023,2023,sigma_1,0.318575396,0.377502313,0.264123681,0,0,0
9015,9015_2023,1,3D,2023,2023,cp_1,84.58636813,85.99943101,83.48409748,0,1,0
9015,9015_2023,1,3D,2023,2023,int_1,0.547686057,0.994751405,0.089699337,0,1,0
9015,9015_2023,1,3D,2023,2023,int_2,3.650983132,4.017695064,3.2866698,0,1,0
9015,9015_2023,1,3D,2023,2023,sigma_1,1.02252652,1.235650812,0.822493574,0,1,0
9016,9016_2023,1,3D,2023,2023,cp_1,89.48219281,90.99644022,88.24400148,0,0,0
9016,9016_2023,1,3D,2023,2023,int_1,0.490535527,0.721554265,0.265344962,0,0,0
9016,9016_2023,1,3D,2023,2023,int_2,1.823953418,2.053975224,1.606369854,0,0,0
9016,9016_2023,1,3D,2023,2023,sigma_1,0.570250633,0.69010721,0.459720111,0,0,0
9017,9017_2023,1,3D,2023,2023,cp_1,89.4958597,90.99963529,88.20135764,0,0,0
9017,9017_2023,1,3D,2023,2023,int_1,0.488416105,0.730033003,0.2449852,0,0,0
9017,9017_2023,1,3D,2023,2023,int_2,1.903885113,2.14217395,1.665200711,0,0,0
9017,9017_2023,1,3D,2023,2023,sigma_1,0.614571277,0.747921027,0.499341647,0,0,0
9018,9018_2023,1,3D,2023,2023,cp_1,103.5002473,103.9679378,103.0186188,0,1,0
9018,9018_2023,1,3D,2023,2023,int_1,1.242197007,1.345301485,1.141300074,0,1,0
9018,9018_2023,1,3D,2023,2023,int_2,6.428711157,6.688785359,6.163860238,0,1,0
9018,9018_2023,1,3D,2023,2023,sigma_1,0.404577057,0.474959118,0.338206711,0,1,0
9019,9019_2023,0,3D,2023,2023,cp_1,56.13524787,92.89440039,43.00456423,1,0,0
9019,9019_2023,0,3D,2023,2023,int_1,0.753922285,1.379813865,0.217923684,1,0,0
9019,9019_2023,0,3D,2023,2023,int_2,1.20579478,1.324956831,1.02247436,1,0,0
9019,9019_2023,0,3D,2023,2023,sigma_1,0.31840455,0.371920025,0.26978171,1,0,0
9020,9020_2023,0,3D,2023,2023,cp_1,47.76157745,50.69916774,46.00003646,1,0,0
9020,9020_2023,0,3D,2023,2023,int_1,0.275570164,0.635922845,-0.063968833,1,0,0
9020,9020_2023,0,3D,2023,2023,int_2,1.335887741,1.410336779,1.264887114,1,0,0
9020,9020_2023,0,3D,2023,2023,sigma_1,0.308288111,0.359488348,0.26134261,1,0,0
9021,9021_2023,0,3D,2023,2023,cp_1,105.4969522,105.9555365,105.0063043,1,1,0
9021,9021_2023,0,3D,2023,2023,int_1,1.413771419,1.507012309,1.322028183,1,1,0
9021,9021_2023,0,3D,2023,2023,int_2,4.713092445,4.902089479,4.521982831,1,1,0
9021,9021_2023,0,3D,2023,2023,sigma_1,0.373404615,0.435501205,0.31650458,1,1,0
9022,9022_2023,0,3D,2023,2023,NA,NA,NA,NA,1,0,0
9023,9023_2023,0,3D,2023,2023,cp_1,95.70957925,97.94931534,93.49498044,1,0,0
9023,9023_2023,0,3D,2023,2023,int_1,0.649931067,0.790230051,0.509500943,1,0,0
9023,9023_2023,0,3D,2023,2023,int_2,1.247149305,1.462987784,1.030824213,1,0,0
9023,9023_2023,0,3D,2023,2023,sigma_1,0.462244039,0.54968291,0.382947072,1,0,0
9024,9024_2023,0,3D,2023,2023,cp_1,96.30830187,96.99970519,95.13293454,1,0,0
9024,9024_2023,0,3D,2023,2023,int_1,1.003313361,1.150842283,0.856937452,1,0,0
9024,9024_2023,0,3D,2023,2023,int_2,2.429725832,2.631758116,2.230233097,1,0,0
9024,9024_2023,0,3D,2023,2023,sigma_1,0.492367983,0.581387846,0.410952808,1,0,0
9026,9026_2023,0,3D,2023,2023,cp_1,97.41104994,98.00001375,96.52340269,1,1,0
9026,9026_2023,0,3D,2023,2023,int_1,1.047187188,1.195457834,0.893375384,1,1,0
9026,9026_2023,0,3D,2023,2023,int_2,4.293171611,4.510775193,4.082873316,1,1,0
9026,9026_2023,0,3D,2023,2023,sigma_1,0.510407161,0.59966997,0.42279031500000003,1,1,0
9027,9027_2023,0,3D,2023,2023,cp_1,96.56930008,97.28407129,96.00002204,0,1,0
9027,9027_2023,0,3D,2023,2023,int_1,0.621346628,0.729914215,0.512297511,0,1,0
9027,9027_2023,0,3D,2023,2023,int_2,2.779882636,2.927372057,2.636661668,0,1,0
9027,9027_2023,0,3D,2023,2023,sigma_1,0.359678517,0.423493912,0.298518457,0,1,0
9034,9034_2023,1,3D,2023,2023,cp_1,112.5027523,112.9774073,112.0159186,0,1,0
9034,9034_2023,1,3D,2023,2023,int_1,1.797510037,2.438821871,1.156226631,0,1,0
9034,9034_2023,1,3D,2023,2023,int_2,11.02696631,12.35448537,9.645514338,0,1,0
9034,9034_2023,1,3D,2023,2023,sigma_1,1.928181949,2.372325178,1.533435129,0,1,0
9036,9036_2023,1,3D,2023,2023,cp_1,109.5007329,109.9912562,109.0429492,0,1,0
9036,9036_2023,1,3D,2023,2023,int_1,1.419809769,1.789523685,1.053761282,0,1,0
9036,9036_2023,1,3D,2023,2023,int_2,11.14716338,11.78820942,10.51924157,0,1,0
9036,9036_2023,1,3D,2023,2023,sigma_1,1.067242186,1.308877679,0.846895586,0,1,0
9051,9051_2023,0,5C,2023,2023,cp_1,96.01501364,96.97253935,95.00205072,1,0,0
9051,9051_2023,0,5C,2023,2023,int_1,1.045410065,1.170789089,0.928815213,1,0,0
9051,9051_2023,0,5C,2023,2023,int_2,1.906851063,2.102457583,1.712644388,1,0,0
9051,9051_2023,0,5C,2023,2023,sigma_1,0.492695193,0.568559733,0.422351555,1,0,0
9054,9054_2023,0,5C,2023,2023,cp_1,84.89002313,88.53110168,75.28327692,0,0,0
9054,9054_2023,0,5C,2023,2023,int_1,1.037151489,1.528269959,0.558634866,0,0,0
9054,9054_2023,0,5C,2023,2023,int_2,2.921018647,3.55831267,2.284430709,0,0,0
9054,9054_2023,0,5C,2023,2023,sigma_1,1.768848282,2.050838295,1.515786292,0,0,0
9055,9055_2023,0,5C,2023,2023,cp_1,74.27245823,75.99999461,71.61543664,0,0,0
9055,9055_2023,0,5C,2023,2023,int_1,0.788139385,0.91506953,0.661335846,0,0,0
9055,9055_2023,0,5C,2023,2023,int_2,1.364565565,1.489699172,1.241089438,0,0,0
9055,9055_2023,0,5C,2023,2023,sigma_1,0.42162214,0.487665966,0.360085456,0,0,0
9057,9057_2023,0,5C,2023,2023,cp_1,86.32192595,87.48494913,85.00012088,1,1,0
9057,9057_2023,0,5C,2023,2023,int_1,0.714094455,1.066323628,0.361175201,1,1,0
9057,9057_2023,0,5C,2023,2023,int_2,4.535268672,4.991147366,4.077570551,1,1,0
9057,9057_2023,0,5C,2023,2023,sigma_1,1.308331088,1.514718348,1.113995716,1,1,0
9058,9058_2023,0,5C,2023,2023,cp_1,74.39393003,112.9385803,34.83222835,1,0,0
9058,9058_2023,0,5C,2023,2023,int_1,0.85493257,1.026559041,0.635506516,1,0,0
9058,9058_2023,0,5C,2023,2023,int_2,0.863879196,1.046225135,0.657614937,1,0,0
9058,9058_2023,0,5C,2023,2023,sigma_1,0.33403536,0.387255851,0.28332833,1,0,0
9060,9060_2023,0,5C,2023,2023,cp_1,57.38132118,95.56220521,34.00319501,0,0,0
9060,9060_2023,0,5C,2023,2023,int_1,0.219342071,0.348793016,0.041495735,0,0,0
9060,9060_2023,0,5C,2023,2023,int_2,0.317876212,0.406335337,0.229994688,0,0,0
9060,9060_2023,0,5C,2023,2023,sigma_1,0.184471863,0.21697996,0.154600733,0,0,0
9061,9061_2023,1,5C,2023,2023,cp_1,85.48348824,85.99758679,85.0152203,0,1,0
9061,9061_2023,1,5C,2023,2023,int_1,0.712754171,1.379377395,0.037516171,0,1,0
9061,9061_2023,1,5C,2023,2023,int_2,24.45368267,25.26199349,23.64558025,0,1,0
9061,9061_2023,1,5C,2023,2023,sigma_1,2.407273165,2.783141984,2.046918974,0,1,0
9062,9062_2023,0,5C,2023,2023,cp_1,102.501398,102.9656864,102.0174508,0,1,0
9062,9062_2023,0,5C,2023,2023,int_1,1.287336637,1.417515331,1.155976191,0,1,0
9062,9062_2023,0,5C,2023,2023,int_2,5.456026077,5.702376167,5.205964838,0,1,0
9062,9062_2023,0,5C,2023,2023,sigma_1,0.531721376,0.616478828,0.45049732,0,1,0
9063,9063_2023,0,5C,2023,2023,cp_1,96.50084219,96.95846412,96.00715566,1,1,0
9063,9063_2023,0,5C,2023,2023,int_1,0.881611494,1.014097762,0.750644377,1,1,0
9063,9063_2023,0,5C,2023,2023,int_2,8.739482139,8.943888851,8.533456578,1,1,0
9063,9063_2023,0,5C,2023,2023,sigma_1,0.512299416,0.594281824,0.435681837,1,1,0
9064,9064_2023,0,5C,2023,2023,cp_1,71.1154714,91.78419731,54.68180675,1,0,0
9064,9064_2023,0,5C,2023,2023,int_1,0.758851176,0.925355957,0.577589617,1,0,0
9064,9064_2023,0,5C,2023,2023,int_2,1.042741829,1.181879482,0.912744262,1,0,0
9064,9064_2023,0,5C,2023,2023,sigma_1,0.378699764,0.441806487,0.322012666,1,0,0
9065,9065_2023,0,5C,2023,2023,cp_1,96.49918246,96.97270813,96.02386666,1,1,0
9065,9065_2023,0,5C,2023,2023,int_1,1.310684385,1.49853034,1.124551247,1,1,0
9065,9065_2023,0,5C,2023,2023,int_2,9.523059997,9.812893725,9.222761303,1,1,0
9065,9065_2023,0,5C,2023,2023,sigma_1,0.729747677,0.848234468,0.620227788,1,1,0
9066,9066_2023,1,5C,2023,2023,cp_1,102.5596024,103.1386496,102.0001344,0,0,0
9066,9066_2023,1,5C,2023,2023,int_1,0.318209506,0.380024124,0.255575974,0,0,0
9066,9066_2023,1,5C,2023,2023,int_2,1.109813414,1.285777217,0.929688438,0,0,0
9066,9066_2023,1,5C,2023,2023,sigma_1,0.218771553,0.262650678,0.177686108,0,0,0
9067,9067_2023,1,5C,2023,2023,cp_1,80.51058409,80.97396026,80.0111397,0,0,0
9067,9067_2023,1,5C,2023,2023,int_1,0.319265925,0.39883236,0.238931977,0,0,0
9067,9067_2023,1,5C,2023,2023,int_2,1.195171599,1.359690138,1.029701244,0,0,0
9067,9067_2023,1,5C,2023,2023,sigma_1,0.203339983,0.258551718,0.151435334,0,0,0
9068,9068_2023,0,5C,2023,2023,cp_1,79.72478168,117.7460033,62.82462002,1,0,0
9068,9068_2023,0,5C,2023,2023,int_1,0.275202682,0.448106783,0.129805203,1,0,0
9068,9068_2023,0,5C,2023,2023,int_2,0.457449473,0.573488407,0.328236348,1,0,0
9068,9068_2023,0,5C,2023,2023,sigma_1,0.28940276,0.34322762,0.239474836,1,0,0
9069,9069_2023,1,5C,2023,2023,cp_1,88.51733283,116.0023668,55.01308281,0,0,0
9069,9069_2023,1,5C,2023,2023,int_1,0.646309231,1.524510721,-0.407985655,0,0,0
9069,9069_2023,1,5C,2023,2023,int_2,0.550803367,1.45879305,-0.488054622,0,0,0
9069,9069_2023,1,5C,2023,2023,sigma_1,1.619853932,1.90447785,1.340982379,0,0,0
9070,9070_2023,0,5C,2023,2023,cp_1,112.2046512,112.9986696,111.0434341,1,1,0
9070,9070_2023,0,5C,2023,2023,int_1,2.313200582,2.672364873,1.964942244,1,1,0
9070,9070_2023,0,5C,2023,2023,int_2,6.108609974,6.954589094,5.212494438,1,1,0
9070,9070_2023,0,5C,2023,2023,sigma_1,1.226696109,1.472045167,1.000762897,1,1,0
9071,9071_2023,1,5C,2023,2023,cp_1,86.251213859999993,115.9020411,67.07550064,0,0,0
9071,9071_2023,1,5C,2023,2023,int_1,0.767393838,1.326667431,0.019979807,0,0,0
9071,9071_2023,1,5C,2023,2023,int_2,1.361704712,1.886956226,1.062985085,0,0,0
9071,9071_2023,1,5C,2023,2023,sigma_1,0.480761571,0.579741687,0.390947532,0,0,0
9072,9072_2023,0,5C,2023,2023,cp_1,89.52430577,89.99489778,89.02352776,1,1,0
9072,9072_2023,0,5C,2023,2023,int_1,0.837303833,1.077022932,0.591710417,1,1,0
9072,9072_2023,0,5C,2023,2023,int_2,3.498027939,3.70841409,3.286911035,1,1,0
9072,9072_2023,0,5C,2023,2023,sigma_1,0.592279854,0.713510834,0.480112864,1,1,0
9073,9073_2023,1,5C,2023,2023,cp_1,80.65880676,81.99956743,79.21503975,1,0,0
9073,9073_2023,1,5C,2023,2023,int_1,0.582503023,1.129392201,0.033685679,1,0,0
9073,9073_2023,1,5C,2023,2023,int_2,2.687155093,3.015880297,2.360300535,1,0,0
9073,9073_2023,1,5C,2023,2023,sigma_1,1.024148051,1.225588795,0.830459159,1,0,0
9074,9074_2023,0,5C,2023,2023,cp_1,95.69492196,96.81231657,95.00021772,1,0,0
9074,9074_2023,0,5C,2023,2023,int_1,0.593515216,0.721295586,0.463792755,1,0,0
9074,9074_2023,0,5C,2023,2023,int_2,1.632120858,1.773970794,1.492189761,1,0,0
9074,9074_2023,0,5C,2023,2023,sigma_1,0.351363151,0.42106315,0.284351429,1,0,0
9075,9075_2023,0,5C,2023,2023,cp_1,81.26652644,81.99992866,80.20879051,1,1,0
9075,9075_2023,0,5C,2023,2023,int_1,0.893586471,1.105187223,0.68976901,1,1,0
9075,9075_2023,0,5C,2023,2023,int_2,2.842953287,2.972338901,2.718067326,1,1,0
9075,9075_2023,0,5C,2023,2023,sigma_1,0.395074074,0.476578777,0.320811476,1,1,0
9076,9076_2023,0,5C,2023,2023,cp_1,91.50599932,91.97738471,91.02194353,1,1,0
9076,9076_2023,0,5C,2023,2023,int_1,0.485117361,0.64540174,0.323047982,1,1,0
9076,9076_2023,0,5C,2023,2023,int_2,3.872723187,4.068497257,3.669516036,1,1,0
9076,9076_2023,0,5C,2023,2023,sigma_1,0.54888139,0.642176375,0.460892508,1,1,0
9078,9078_2023,0,5C,2023,2023,cp_1,102.4998677,102.9870652,102.0384446,1,1,0
9078,9078_2023,0,5C,2023,2023,int_1,0.57229647,0.677407303,0.469209906,1,1,0
9078,9078_2023,0,5C,2023,2023,int_2,3.878610507,4.060383018,3.694602131,1,1,0
9078,9078_2023,0,5C,2023,2023,sigma_1,0.39308601,0.461334863,0.331287329,1,1,0
9079,9079_2023,0,5C,2023,2023,cp_1,94.50103637,94.98438089,94.03484519,1,1,0
9079,9079_2023,0,5C,2023,2023,int_1,0.76342598,0.92501853,0.594640125,1,1,0
9079,9079_2023,0,5C,2023,2023,int_2,5.125406496,5.347425557,4.900715098,1,1,0
9079,9079_2023,0,5C,2023,2023,sigma_1,0.577027172,0.677347905,0.484164939,1,1,0
9080,9080_2023,1,5C,2023,2023,cp_1,107.4724042,107.9848818,107.0078884,0,1,0
9080,9080_2023,1,5C,2023,2023,int_1,0.710174796,0.796405866,0.624702836,0,1,0
9080,9080_2023,1,5C,2023,2023,int_2,4.47019908,4.655193817,4.278763999,0,1,0
9080,9080_2023,1,5C,2023,2023,sigma_1,0.337465103,0.39504682,0.282561404,0,1,0
9081,9081_2023,1,5C,2023,2023,cp_1,84.5002665,84.98201728,84.03302864,0,1,0
9081,9081_2023,1,5C,2023,2023,int_1,2.737561346,2.931855955,2.544095468,0,1,0
9081,9081_2023,1,5C,2023,2023,int_2,7.295990574,7.491852227,7.091940337,0,1,0
9081,9081_2023,1,5C,2023,2023,sigma_1,0.61110984,0.713337386,0.512374063,0,1,0
9082,9082_2023,0,5C,2023,2023,cp_1,94.50138473,94.98659934,94.03890425,1,1,0
9082,9082_2023,0,5C,2023,2023,int_1,0.678389659,0.758061448,0.602218655,1,1,0
9082,9082_2023,0,5C,2023,2023,int_2,5.37459315,5.493029942,5.253144535,1,1,0
9082,9082_2023,0,5C,2023,2023,sigma_1,0.270855269,0.318260873,0.225166851,1,1,0
9084,9084_2023,1,5C,2023,2023,cp_1,91.52037863,93.95172682,89.13766817,0,0,0
9084,9084_2023,1,5C,2023,2023,int_1,0.426759599,0.496508532,0.356680387,0,0,0
9084,9084_2023,1,5C,2023,2023,int_2,0.799001841,0.877338752,0.71948326,0,0,0
9084,9084_2023,1,5C,2023,2023,sigma_1,0.210296256,0.248268494,0.174892886,0,0,0
9085,9085_2023,1,5C,2023,2023,cp_1,80.34612904,94.85582645,55.06027703,0,0,0
9085,9085_2023,1,5C,2023,2023,int_1,0.595345507,0.899929727,0.114755382,0,0,0
9085,9085_2023,1,5C,2023,2023,int_2,0.925896904,1.121952625,0.756225407,0,0,0
9085,9085_2023,1,5C,2023,2023,sigma_1,0.416534865,0.493623034,0.34626047,0,0,0
9086,9086_2023,1,5C,2023,2023,NA,NA,NA,NA,1,0,0
9087,9087_2023,1,5C,2023,2023,cp_1,100.4921207,100.9849627,100.030197,0,0,0
9087,9087_2023,1,5C,2023,2023,int_1,0.393207484,0.510620042,0.273498347,0,0,0
9087,9087_2023,1,5C,2023,2023,int_2,2.152725216,2.32995147,1.971784192,0,0,0
9087,9087_2023,1,5C,2023,2023,sigma_1,0.403471174,0.477039143,0.335978529,0,0,0
9088,9088_2023,1,5C,2023,2023,cp_1,101.4379764,101.9999636,100.5694193,0,1,0
9088,9088_2023,1,5C,2023,2023,int_1,0.541521925,0.728611327,0.35217137,0,1,0
9088,9088_2023,1,5C,2023,2023,int_2,4.664956509,4.960518619,4.361080203,0,1,0
9088,9088_2023,1,5C,2023,2023,sigma_1,0.645215752,0.764367142,0.536409611,0,1,0
9090,9090_2023,0,5C,2023,2023,cp_1,82.44224198,107.0361713,67.00007618,1,0,0
9090,9090_2023,0,5C,2023,2023,int_1,0.784222316,1.041808051,0.317106706,1,0,0
9090,9090_2023,0,5C,2023,2023,int_2,1.023215715,1.120862692,0.946588919,1,0,0
9090,9090_2023,0,5C,2023,2023,sigma_1,0.184166287,0.222113299,0.150319658,1,0,0
9092,9092_2023,0,5C,2023,2023,NA,NA,NA,NA,1,0,0
9093,9093_2023,0,5C,2023,2023,cp_1,102.2849682,103.9999236,99.33857343,1,0,0
9093,9093_2023,0,5C,2023,2023,int_1,0.751133376,0.940455932,0.562671755,1,0,0
9093,9093_2023,0,5C,2023,2023,int_2,2.401942378,2.643911004,2.156354348,1,0,0
9093,9093_2023,0,5C,2023,2023,sigma_1,0.462338378,0.565101074,0.367553107,1,0,0
9094,9094_2023,0,5C,2023,2023,cp_1,89.31169973,117.9898431,75.00249243,1,0,0
9094,9094_2023,0,5C,2023,2023,int_1,0.394154513,0.778131024,-0.136486278,1,0,0
9094,9094_2023,0,5C,2023,2023,int_2,0.604608166,0.815434119,0.247330608,1,0,0
9094,9094_2023,0,5C,2023,2023,sigma_1,0.366935517,0.444458386,0.289213625,1,0,0
9095,9095_2023,0,5C,2023,2023,cp_1,91.49852595,91.99009866,91.0345188,0,0,0
9095,9095_2023,0,5C,2023,2023,int_1,0.768109431,0.968925111,0.568672834,0,0,0
9095,9095_2023,0,5C,2023,2023,int_2,2.37637158,2.530264854,2.223314927,0,0,0
9095,9095_2023,0,5C,2023,2023,sigma_1,0.419396969,0.513879432,0.336370173,0,0,0
